date,year,month,day,PM2.5,PM10,SO2,NO2,CO,O3,TEMP,PRES,DEWP,RAIN,WSPM,station,PM2.5 AQI,Air Quality
2015-01-01,2015.0,2015-01,1.0,38.166666666666664,61.0,21.541666666666668,49.125,941.6666666666666,24.166666666666668,-2.0416666666666665,1024.25,-22.34166666666667,0.0,2.2708333333333335,Aotizhongxin,107.56616415410384,Unhealthy for Sensitive Groups
2015-01-02,2015.0,2015-01,2.0,59.166666666666664,83.875,34.416666666666664,69.45833333333333,1337.5,13.5,-1.375,1022.6666666666666,-17.983333333333334,0.0,1.7083333333333333,Aotizhongxin,152.89322093431682,Unhealthy
2015-01-03,2015.0,2015-01,3.0,161.0,196.33333333333334,76.58333333333333,117.41666666666667,3558.3333333333335,2.25,-2.8333333333333335,1011.0833333333334,-15.462499999999999,0.0,1.0083333333333333,Aotizhongxin,211.40540540540542,Very Unhealthy
2015-01-04,2015.0,2015-01,4.0,189.79166666666666,221.58333333333334,82.91666666666667,128.41666666666666,4216.666666666667,3.8333333333333335,0.375,1010.375,-13.075000000000001,0.0,1.1416666666666668,Aotizhongxin,239.93768768768768,Very Unhealthy
2015-01-05,2015.0,2015-01,5.0,100.79166666666667,162.375,61.583333333333336,68.25,2891.6666666666665,26.541666666666668,3.5833333333333335,1013.6666666666666,-14.066666666666668,0.0,2.7458333333333336,Aotizhongxin,174.38558131366352,Unhealthy
2015-01-06,2015.0,2015-01,6.0,28.791666666666668,55.125,24.208333333333332,38.208333333333336,837.5,24.916666666666668,-0.125,1021.0416666666666,-21.8125,0.0,2.275,Aotizhongxin,86.10264663805438,Moderate
2015-01-07,2015.0,2015-01,7.0,52.75,75.79166666666667,36.541666666666664,65.58333333333333,1612.5,7.458333333333333,-2.7083333333333335,1023.9166666666666,-17.020833333333332,0.0,0.9791666666666666,Aotizhongxin,143.4748743718593,Unhealthy for Sensitive Groups
2015-01-08,2015.0,2015-01,8.0,129.66666666666666,172.8125,53.604166666666664,103.4375,3320.8333333333335,2.0,-1.875,1023.5,-13.420833333333334,0.0,1.3125,Aotizhongxin,189.2946961714085,Unhealthy
2015-01-09,2015.0,2015-01,9.0,75.95833333333333,97.66666666666667,44.083333333333336,68.5,1879.1666666666667,22.416666666666668,1.875,1021.9166666666666,-15.370833333333332,0.0,1.75,Aotizhongxin,161.56331225851773,Unhealthy
2015-01-10,2015.0,2015-01,10.0,132.45833333333334,165.79166666666666,57.5,103.16666666666667,2891.6666666666665,10.0,1.2083333333333333,1016.2083333333334,-13.104166666666666,0.0,1.0541666666666667,Aotizhongxin,190.73612574639972,Unhealthy
2015-01-11,2015.0,2015-01,11.0,29.083333333333332,46.0,14.416666666666666,41.208333333333336,812.5,30.833333333333332,2.375,1025.9166666666667,-13.5375,0.0,1.6958333333333335,Aotizhongxin,86.71602288984263,Moderate
2015-01-12,2015.0,2015-01,12.0,117.625,139.16666666666666,44.0,83.08333333333333,2504.1666666666665,8.208333333333334,-1.675,1031.55,-10.816666666666668,0.0,1.4124999999999999,Aotizhongxin,183.07718651211803,Unhealthy
2015-01-13,2015.0,2015-01,13.0,151.08333333333334,197.20833333333334,66.04166666666667,97.95833333333333,3112.5,5.041666666666667,-2.9625,1028.075,-8.870833333333334,0.0,1.1958333333333333,Aotizhongxin,201.57807807807808,Very Unhealthy
2015-01-14,2015.0,2015-01,14.0,202.33333333333334,227.45833333333334,67.20833333333333,113.875,3504.1666666666665,2.125,-2.558333333333333,1026.3583333333333,-7.8125,0.0,1.0916666666666666,Aotizhongxin,252.36636636636638,Very Unhealthy
2015-01-15,2015.0,2015-01,15.0,300.7083333333333,328.125,42.166666666666664,127.58333333333333,4825.0,2.25,-3.2541666666666664,1022.9083333333333,-7.695833333333333,0.0,0.9874999999999999,Aotizhongxin,350.756006006006,Hazardous
2015-01-16,2015.0,2015-01,16.0,100.08333333333333,113.75,13.166666666666666,36.083333333333336,2033.3333333333333,39.708333333333336,0.125,1023.0,-14.858333333333334,0.0,3.1999999999999997,Aotizhongxin,174.0198454513523,Unhealthy
2015-01-17,2015.0,2015-01,17.0,60.0,68.45833333333333,30.0,57.583333333333336,1404.1666666666667,24.75,-2.5416666666666665,1025.7916666666667,-15.633333333333333,0.0,1.5,Aotizhongxin,153.32349841938884,Unhealthy
2015-01-18,2015.0,2015-01,18.0,63.75416666666666,104.98333333333333,39.895833333333336,52.55833333333334,1595.8333333333333,31.25,1.8333333333333333,1014.0416666666666,-14.120833333333332,0.0,2.370833333333333,Aotizhongxin,155.2618984896382,Unhealthy
2015-01-19,2015.0,2015-01,19.0,37.083333333333336,68.16666666666667,27.958333333333332,62.0,1354.1666666666667,21.291666666666668,1.4166666666666667,1018.5416666666666,-14.575000000000001,0.0,1.5125,Aotizhongxin,104.89865996649917,Unhealthy for Sensitive Groups
2015-01-20,2015.0,2015-01,20.0,79.125,108.5,51.375,80.20833333333333,2129.1666666666665,7.833333333333333,-0.25,1016.875,-9.358333333333333,0.0,1.2666666666666666,Aotizhongxin,163.19836670179137,Unhealthy
2015-01-21,2015.0,2015-01,21.0,17.125,24.583333333333332,20.416666666666668,32.5,870.8333333333334,37.666666666666664,1.5833333333333333,1021.4583333333334,-14.120833333333332,0.0,2.575,Aotizhongxin,61.567596566523605,Moderate
2015-01-22,2015.0,2015-01,22.0,99.41666666666667,128.95833333333334,44.125,85.04166666666667,2179.1666666666665,10.666666666666666,-1.75,1018.4583333333334,-13.049999999999999,0.0,1.175,Aotizhongxin,173.6756234632947,Unhealthy
2015-01-23,2015.0,2015-01,23.0,186.08333333333334,218.20833333333334,68.20833333333333,122.04166666666667,3650.0,3.8333333333333335,-0.8333333333333334,1013.25,-11.495833333333332,0.0,1.0,Aotizhongxin,236.26276276276278,Very Unhealthy
2015-01-24,2015.0,2015-01,24.0,82.29166666666667,98.16666666666667,34.708333333333336,72.79166666666667,1950.0,10.333333333333334,-0.08333333333333333,1019.6666666666666,-8.358333333333333,0.008333333333333333,1.2291666666666667,Aotizhongxin,164.833421145065,Unhealthy
2015-01-25,2015.0,2015-01,25.0,107.0,110.58333333333333,18.0,53.375,1575.0,10.375,0.8125,1019.7041666666668,-3.608333333333333,0.0,1.6041666666666667,Aotizhongxin,177.59114857744996,Unhealthy
2015-01-26,2015.0,2015-01,26.0,83.5,87.41666666666667,10.583333333333334,34.458333333333336,1737.5,32.416666666666664,-0.4166666666666667,1022.9166666666666,-13.079166666666666,0.0,2.4541666666666666,Aotizhongxin,165.45732349841938,Unhealthy
2015-01-27,2015.0,2015-01,27.0,14.770833333333334,18.5,15.604166666666666,27.125,875.0,39.145833333333336,-3.783333333333333,1030.6229166666667,-21.666666666666668,0.0,2.2916666666666665,Aotizhongxin,56.61677396280401,Moderate
2015-01-28,2015.0,2015-01,28.0,26.229166666666668,32.208333333333336,17.458333333333332,49.291666666666664,1150.0,25.166666666666668,-2.2083333333333335,1028.0416666666667,-19.616666666666667,0.0,1.6083333333333334,Aotizhongxin,80.7136981402003,Moderate
2015-01-29,2015.0,2015-01,29.0,56.791666666666664,65.0,21.666666666666668,38.666666666666664,1266.6666666666667,32.416666666666664,0.08333333333333333,1023.0833333333334,-14.504166666666668,0.0,2.1958333333333333,Aotizhongxin,151.6669301018616,Unhealthy
2015-01-30,2015.0,2015-01,30.0,11.0,30.0,15.958333333333334,19.729166666666668,616.6666666666666,54.0625,-1.6416666666666666,1029.9041666666667,-21.474999999999998,0.0,2.0749999999999997,Aotizhongxin,45.833333333333336,Good
2015-01-31,2015.0,2015-01,31.0,28.916666666666668,45.708333333333336,20.416666666666668,42.875,820.8333333333334,29.958333333333332,-2.345833333333333,1032.5083333333334,-21.712500000000002,0.0,1.5416666666666667,Aotizhongxin,86.36552217453506,Moderate
2015-02-01,2015.0,2015-02,1.0,69.08333333333333,90.58333333333333,49.916666666666664,73.5,1841.6666666666667,6.166666666666667,-3.6666666666666665,1028.6666666666667,-17.166666666666668,0.0,0.9458333333333333,Aotizhongxin,158.0135230066737,Unhealthy
2015-02-02,2015.0,2015-02,2.0,130.70833333333334,149.375,70.70833333333333,98.70833333333333,2916.6666666666665,12.25,-1.075,1026.2833333333333,-14.908333333333333,0.0,1.3333333333333333,Aotizhongxin,189.8325430277485,Unhealthy
2015-02-03,2015.0,2015-02,3.0,105.29166666666667,114.125,39.375,75.33333333333333,2179.1666666666665,41.625,1.1666666666666667,1025.25,-10.629166666666666,0.0,2.0124999999999997,Aotizhongxin,176.70907973305233,Unhealthy
2015-02-04,2015.0,2015-02,4.0,9.541666666666666,47.416666666666664,14.291666666666666,17.541666666666668,412.5,77.77083333333333,1.5333333333333332,1026.3958333333333,-16.5125,0.0,3.295833333333333,Aotizhongxin,39.75694444444444,Good
2015-02-05,2015.0,2015-02,5.0,22.458333333333332,34.75,18.916666666666668,44.208333333333336,712.5,56.333333333333336,1.7916666666666667,1026.0833333333333,-14.466666666666667,0.0,1.5333333333333332,Aotizhongxin,72.78361945636624,Moderate
2015-02-06,2015.0,2015-02,6.0,63.166666666666664,83.54166666666667,32.208333333333336,93.0,1829.1666666666667,26.416666666666668,0.9166666666666666,1016.0833333333334,-12.275,0.0,1.1791666666666667,Aotizhongxin,154.95855286266246,Unhealthy
2015-02-07,2015.0,2015-02,7.0,11.958333333333334,35.375,15.666666666666666,22.0,512.5,83.45833333333333,1.7125000000000001,1023.5791666666668,-19.599999999999998,0.0,2.966666666666667,Aotizhongxin,49.82638888888889,Good
2015-02-08,2015.0,2015-02,8.0,20.875,33.5,18.375,26.708333333333332,550.0,72.1875,-2.875,1029.875,-24.6875,0.0,1.9083333333333332,Aotizhongxin,69.45386266094421,Moderate
2015-02-09,2015.0,2015-02,9.0,99.29166666666667,123.29166666666667,49.416666666666664,88.0,1887.5,78.54166666666667,-1.9708333333333332,1021.0625,-20.008333333333333,0.0,1.4875,Aotizhongxin,173.6110818405339,Unhealthy
2015-02-10,2015.0,2015-02,10.0,118.83333333333333,156.77083333333334,52.416666666666664,107.29166666666667,2520.8333333333335,34.895833333333336,1.7291666666666667,1010.6458333333334,-15.520833333333334,0.0,1.1875,Aotizhongxin,183.70108886547243,Unhealthy
2015-02-11,2015.0,2015-02,11.0,42.604166666666664,71.10416666666667,25.583333333333332,45.333333333333336,1195.8333333333333,64.95833333333333,4.516666666666667,1010.9208333333332,-15.125,0.0,1.7458333333333333,Aotizhongxin,118.49267169179228,Unhealthy for Sensitive Groups
2015-02-12,2015.0,2015-02,12.0,28.666666666666668,41.8125,11.958333333333334,40.333333333333336,691.6666666666666,70.60416666666667,1.9583333333333333,1013.7916666666666,-13.220833333333333,0.0,1.7166666666666668,Aotizhongxin,85.83977110157369,Moderate
2015-02-13,2015.0,2015-02,13.0,115.75,139.41666666666666,36.25,92.125,2220.8333333333335,52.229166666666664,1.5374999999999999,1011.4041666666667,-10.033333333333333,0.0,1.3625,Aotizhongxin,182.109062170706,Unhealthy
2015-02-14,2015.0,2015-02,14.0,225.91666666666666,245.16666666666666,63.666666666666664,128.875,3395.8333333333335,27.791666666666668,3.4166666666666665,1006.625,-9.370833333333334,0.0,1.2583333333333333,Aotizhongxin,275.7372372372372,Very Unhealthy
2015-02-15,2015.0,2015-02,15.0,266.2916666666667,294.8333333333333,85.83333333333333,136.41666666666666,4745.833333333333,8.708333333333334,2.5833333333333335,1012.2916666666666,-7.5,0.0,1.1291666666666667,Aotizhongxin,316.64939939939944,Hazardous
2015-02-16,2015.0,2015-02,16.0,107.33333333333333,146.5,38.25,56.041666666666664,2287.5,32.604166666666664,4.416666666666667,1011.875,-10.466666666666667,0.0,1.9583333333333333,Aotizhongxin,177.76325957147876,Unhealthy
2015-02-17,2015.0,2015-02,17.0,19.166666666666668,37.541666666666664,10.375,32.083333333333336,545.8333333333334,45.666666666666664,4.479166666666667,1017.1999999999999,-10.916666666666666,0.0,1.5416666666666667,Aotizhongxin,65.86123032904149,Moderate
2015-02-18,2015.0,2015-02,18.0,41.375,54.75,20.666666666666668,38.25,820.8333333333334,55.625,4.125,1023.9625,-12.65625,0.0,1.6979166666666667,Aotizhongxin,115.46608040201005,Unhealthy for Sensitive Groups
2015-02-19,2015.0,2015-02,19.0,171.58333333333334,215.625,53.708333333333336,42.291666666666664,1312.5,48.041666666666664,1.8333333333333333,1022.3333333333334,-6.858333333333333,0.008333333333333333,1.8916666666666666,Aotizhongxin,221.8933933933934,Very Unhealthy
2015-02-20,2015.0,2015-02,20.0,118.20833333333333,118.20833333333333,13.375,44.041666666666664,1483.3333333333333,25.958333333333332,1.1125,1015.1374999999999,-0.1625,0.25,1.0833333333333333,Aotizhongxin,183.37838075166843,Unhealthy
2015-02-21,2015.0,2015-02,21.0,137.875,254.33333333333334,12.458333333333334,33.125,1545.8333333333333,35.041666666666664,1.1708333333333334,1012.2041666666668,-7.033333333333334,0.0,2.6,Aotizhongxin,193.53292939936776,Unhealthy
2015-02-22,2015.0,2015-02,22.0,38.0,318.0,5.041666666666667,14.666666666666666,358.3333333333333,65.16666666666667,-1.0416666666666667,1017.2958333333332,-20.962500000000002,0.0,2.858333333333333,Aotizhongxin,107.15577889447236,Unhealthy for Sensitive Groups
2015-02-23,2015.0,2015-02,23.0,53.291666666666664,124.125,26.791666666666668,35.791666666666664,766.6666666666666,51.166666666666664,-0.4166666666666666,1015.0833333333334,-13.775,0.0,1.5958333333333332,Aotizhongxin,144.80862646566163,Unhealthy for Sensitive Groups
2015-02-24,2015.0,2015-02,24.0,150.66666666666666,235.625,42.666666666666664,68.08333333333333,2195.8333333333335,30.8125,1.0208333333333333,1010.8583333333332,-6.829166666666667,0.0,1.3708333333333333,Aotizhongxin,201.16516516516515,Very Unhealthy
2015-02-25,2015.0,2015-02,25.0,64.91666666666667,97.375,12.875,33.708333333333336,962.5,53.375,2.766666666666667,1013.8666666666667,-15.383333333333333,0.0,2.6333333333333333,Aotizhongxin,155.86213558131368,Unhealthy
2015-02-26,2015.0,2015-02,26.0,12.583333333333334,23.333333333333332,6.583333333333333,19.416666666666668,400.0,63.125,1.7708333333333333,1020.5,-20.675,0.0,2.408333333333333,Aotizhongxin,52.01645207439199,Moderate
2015-02-27,2015.0,2015-02,27.0,21.0,38.625,12.916666666666666,33.916666666666664,670.8333333333334,43.958333333333336,-0.10833333333333334,1028.1000000000001,-14.241666666666667,0.0,1.7125000000000001,Aotizhongxin,69.71673819742489,Moderate
2015-02-28,2015.0,2015-02,28.0,118.83333333333333,122.58333333333333,11.666666666666666,44.666666666666664,1216.6666666666667,23.25,0.08749999999999998,1021.25,-4.070833333333334,0.03333333333333333,2.1625,Aotizhongxin,183.70108886547243,Unhealthy
2015-03-01,2015.0,2015-03,1.0,29.75,81.75,10.875,39.708333333333336,700.0,53.083333333333336,4.808333333333334,1016.2041666666668,-13.4,0.0,2.495833333333333,Aotizhongxin,88.11802575107296,Moderate
2015-03-02,2015.0,2015-03,2.0,53.041666666666664,105.58333333333333,20.875,51.625,1379.1666666666667,45.0,6.241666666666667,1007.7708333333334,-12.65,0.0,2.6083333333333334,Aotizhongxin,144.1930485762144,Unhealthy for Sensitive Groups
2015-03-03,2015.0,2015-03,3.0,9.541666666666666,69.20833333333333,2.25,8.416666666666666,275.0,74.08333333333333,1.8166666666666667,1019.4250000000001,-24.925,0.0,4.341666666666667,Aotizhongxin,39.75694444444444,Good
2015-03-04,2015.0,2015-03,4.0,23.833333333333332,45.5,13.083333333333334,36.916666666666664,620.8333333333334,56.708333333333336,1.527777777777778,1024.1791666666666,-25.075,0.0,2.1875,Aotizhongxin,75.6752503576538,Moderate
2015-03-05,2015.0,2015-03,5.0,116.54166666666667,148.58333333333334,60.083333333333336,71.45833333333333,1754.1666666666667,42.416666666666664,2.4291666666666667,1021.6166666666667,-17.25,0.0,2.3,Aotizhongxin,182.5178257815244,Unhealthy
2015-03-06,2015.0,2015-03,6.0,201.16666666666666,224.83333333333334,67.625,92.79166666666667,2266.6666666666665,35.833333333333336,2.4125,1014.9395833333333,-10.025,0.0,1.2291666666666667,Aotizhongxin,251.2102102102102,Very Unhealthy
2015-03-07,2015.0,2015-03,7.0,236.20833333333334,253.875,52.666666666666664,95.08333333333333,2429.1666666666665,44.083333333333336,4.655555555555556,1014.4736111111112,-4.704166666666667,0.0,1.2333333333333334,Aotizhongxin,285.9361861861862,Very Unhealthy
2015-03-08,2015.0,2015-03,8.0,125.20833333333333,141.29166666666666,31.333333333333332,57.6875,1416.6666666666667,49.0625,6.006547619047619,1017.975,-10.608333333333333,0.0,2.4583333333333335,Aotizhongxin,186.99271162627326,Unhealthy
2015-03-09,2015.0,2015-03,9.0,9.75,32.208333333333336,3.125,13.020833333333334,279.1666666666667,79.85416666666667,0.5958333333333333,1031.3833333333334,-28.0,0.0,3.6333333333333333,Aotizhongxin,40.625,Good
2015-03-10,2015.0,2015-03,10.0,29.25,45.208333333333336,11.458333333333334,45.1875,666.6666666666666,57.25,2.095833333333333,1026.1916666666666,-22.162499999999998,0.0,2.2666666666666666,Aotizhongxin,87.06652360515022,Moderate
2015-03-11,2015.0,2015-03,11.0,46.25,67.66666666666667,19.541666666666668,58.979166666666664,1033.3333333333333,49.375,4.133333333333334,1018.9125,-18.720833333333335,0.0,1.8666666666666665,Aotizhongxin,127.46984924623116,Unhealthy for Sensitive Groups
2015-03-12,2015.0,2015-03,12.0,76.0,104.54166666666667,27.625,78.10416666666667,1562.5,32.020833333333336,5.458333333333333,1012.6583333333333,-14.116666666666667,0.0,1.7375,Aotizhongxin,161.58482613277133,Unhealthy
2015-03-13,2015.0,2015-03,13.0,69.45833333333333,81.91666666666667,25.75,67.5,1329.1666666666667,44.25,5.008333333333334,1017.5416666666666,-13.508333333333333,0.0,1.6083333333333334,Aotizhongxin,158.2071478749561,Unhealthy
2015-03-14,2015.0,2015-03,14.0,102.54166666666667,131.58333333333334,43.666666666666664,91.70833333333333,2020.8333333333333,16.0625,4.245833333333333,1016.7624999999999,-6.141666666666667,0.0,1.55,Aotizhongxin,175.28916403231472,Unhealthy
2015-03-15,2015.0,2015-03,15.0,97.66666666666667,207.83333333333334,22.833333333333332,74.95833333333333,1629.1666666666667,49.625,9.362499999999999,1012.5958333333333,-9.858333333333333,0.0,2.0416666666666665,Aotizhongxin,172.77204074464348,Unhealthy
2015-03-16,2015.0,2015-03,16.0,205.33333333333334,299.625,35.458333333333336,96.70833333333333,2083.3333333333335,13.979166666666666,9.700000000000001,1007.8333333333334,0.9625,0.0,1.575,Aotizhongxin,255.33933933933935,Very Unhealthy
2015-03-17,2015.0,2015-03,17.0,199.45833333333334,242.625,17.833333333333332,67.0,1829.1666666666667,54.625,10.608333333333333,1014.9208333333332,-0.9375000000000001,0.0,2.0500000000000003,Aotizhongxin,249.51726726726727,Very Unhealthy
2015-03-18,2015.0,2015-03,18.0,42.875,85.83333333333333,12.5,46.208333333333336,691.6666666666666,67.25,9.025,1012.1333333333333,-8.766666666666667,0.0,1.6083333333333334,Aotizhongxin,119.15954773869348,Unhealthy for Sensitive Groups
2015-03-19,2015.0,2015-03,19.0,88.95833333333333,214.875,14.125,83.79166666666667,1216.6666666666667,39.791666666666664,11.274999999999999,1012.3916666666668,-7.9875,0.0,1.6833333333333333,Aotizhongxin,168.27564102564102,Unhealthy
2015-03-20,2015.0,2015-03,20.0,43.75,199.25,5.916666666666667,53.583333333333336,537.5,60.479166666666664,14.095833333333333,1013.2166666666667,-13.283333333333333,0.0,1.8499999999999999,Aotizhongxin,121.3140703517588,Unhealthy for Sensitive Groups
2015-03-21,2015.0,2015-03,21.0,20.5,102.25,4.583333333333333,32.083333333333336,408.3333333333333,69.20833333333333,14.570833333333333,1014.0458333333332,-18.454166666666666,0.0,3.1041666666666665,Aotizhongxin,68.66523605150215,Moderate
2015-03-22,2015.0,2015-03,22.0,22.5,120.95833333333333,4.333333333333333,22.25,375.0,75.64583333333333,10.170833333333333,1023.2833333333333,-16.95,0.0,3.3000000000000003,Aotizhongxin,72.87124463519314,Moderate
2015-03-23,2015.0,2015-03,23.0,37.333333333333336,97.54166666666667,8.729166666666666,50.666666666666664,762.5,51.875,10.195833333333333,1024.6083333333333,-13.220833333333333,0.0,2.1041666666666665,Aotizhongxin,105.5142378559464,Unhealthy for Sensitive Groups
2015-03-24,2015.0,2015-03,24.0,80.16666666666667,135.08333333333334,30.583333333333332,77.54166666666667,2004.1666666666667,50.479166666666664,9.304166666666667,1027.1083333333333,-8.241666666666667,0.0,1.8916666666666666,Aotizhongxin,163.73621355813137,Unhealthy
2015-03-25,2015.0,2015-03,25.0,121.54166666666667,173.95833333333334,42.75,86.0,1950.0,56.583333333333336,10.875,1026.2083333333333,-1.7375,0.0,1.9541666666666666,Aotizhongxin,185.09949069195645,Unhealthy
2015-03-26,2015.0,2015-03,26.0,103.22916666666667,173.04166666666666,21.75,64.75,1104.1666666666667,81.75,14.174999999999999,1024.1333333333334,-1.6166666666666665,0.0,2.795833333333333,Aotizhongxin,175.64414295749913,Unhealthy
2015-03-27,2015.0,2015-03,27.0,101.58333333333333,157.04166666666666,26.291666666666668,58.458333333333336,1050.0,91.33333333333333,14.891666666666666,1016.1750000000001,0.6916666666666668,0.0,2.5875,Aotizhongxin,174.79434492448192,Unhealthy
2015-03-28,2015.0,2015-03,28.0,63.333333333333336,283.5416666666667,9.333333333333334,36.5,570.8333333333334,76.79166666666667,17.662499999999998,1008.8125,-0.3,0.0,3.3874999999999997,Aotizhongxin,155.04460835967686,Unhealthy
2015-03-29,2015.0,2015-03,29.0,79.41666666666667,305.0833333333333,17.666666666666668,85.375,1179.1666666666667,49.333333333333336,15.479166666666666,1010.1583333333333,0.975,0.0,1.8125,Aotizhongxin,163.34896382156657,Unhealthy
2015-03-30,2015.0,2015-03,30.0,154.75,353.7083333333333,27.916666666666668,88.16666666666667,1658.3333333333333,63.958333333333336,16.695833333333333,1004.6541666666667,6.370833333333334,0.0,1.5208333333333333,Aotizhongxin,205.2117117117117,Very Unhealthy
2015-03-31,2015.0,2015-03,31.0,122.74166666666667,142.71666666666667,15.347916666666668,64.63958333333333,1960.4166666666667,42.545833333333334,12.112499999999999,1010.7624999999999,7.333333333333333,0.275,1.8375000000000001,Aotizhongxin,185.71909027046013,Unhealthy
2015-04-01,2015.0,2015-04,1.0,53.895833333333336,69.47916666666667,3.5833333333333335,59.166666666666664,720.8333333333334,45.6875,9.579166666666667,1016.0333333333333,-0.6708333333333334,0.029166666666666664,1.2375,Aotizhongxin,146.29627303182582,Unhealthy for Sensitive Groups
2015-04-02,2015.0,2015-04,2.0,34.375,35.43333333333333,2.0833333333333335,29.041666666666668,745.8333333333334,72.29166666666667,9.095833333333333,999.0833333333334,2.8125,0.6541666666666667,2.6416666666666666,Aotizhongxin,97.84442060085837,Moderate
2015-04-03,2015.0,2015-04,3.0,32.041666666666664,40.958333333333336,6.083333333333333,34.458333333333336,620.8333333333334,96.29166666666667,12.108333333333334,1007.5291666666667,1.2416666666666667,0.0,2.25,Aotizhongxin,92.93741058655222,Moderate
2015-04-04,2015.0,2015-04,4.0,63.708333333333336,75.0,8.083333333333334,39.458333333333336,670.8333333333334,114.58333333333333,12.516666666666666,1008.1875,1.6208333333333333,0.0,2.2708333333333335,Aotizhongxin,155.23823322795926,Unhealthy
2015-04-05,2015.0,2015-04,5.0,55.833333333333336,98.5,3.4583333333333335,38.916666666666664,495.8333333333333,70.04166666666667,12.708333333333334,1013.8625000000001,-4.995833333333333,0.0,3.8375,Aotizhongxin,151.1721109940288,Unhealthy
2015-04-06,2015.0,2015-04,6.0,22.041666666666668,33.375,2.2083333333333335,16.875,245.83333333333334,80.16666666666667,7.470833333333334,1025.9041666666667,-12.254166666666668,0.0,2.6875,Aotizhongxin,71.9073676680973,Moderate
2015-04-07,2015.0,2015-04,7.0,23.791666666666668,44.270833333333336,5.25,29.75,354.1666666666667,69.04166666666667,8.370833333333334,1026.7124999999999,-12.154166666666667,0.0,2.6125,Aotizhongxin,75.5876251788269,Moderate
2015-04-08,2015.0,2015-04,8.0,99.0,138.08333333333334,14.708333333333334,59.791666666666664,895.8333333333334,48.333333333333336,9.295833333333333,1020.0333333333333,-2.1416666666666666,0.0,2.4458333333333333,Aotizhongxin,173.4604847207587,Unhealthy
2015-04-09,2015.0,2015-04,9.0,163.25,188.5,19.708333333333332,68.54166666666667,1212.5,58.416666666666664,11.200000000000001,1015.8958333333334,2.0375,0.0,2.0875,Aotizhongxin,213.63513513513513,Very Unhealthy
2015-04-10,2015.0,2015-04,10.0,162.77083333333334,177.99166666666667,11.933333333333332,78.86666666666666,1158.3333333333333,55.60833333333333,14.075000000000001,1014.975,3.704166666666667,0.0,1.8208333333333335,Aotizhongxin,213.16028528528528,Very Unhealthy
2015-04-11,2015.0,2015-04,11.0,144.5,158.5,17.333333333333332,56.625,1908.3333333333333,70.47916666666667,14.016666666666666,1015.6708333333332,6.945833333333333,0.6958333333333333,2.9,Aotizhongxin,196.9536354056902,Unhealthy
2015-04-12,2015.0,2015-04,12.0,12.416666666666666,37.454166666666666,2.1666666666666665,15.166666666666666,266.6666666666667,76.20833333333333,7.7875000000000005,1021.3416666666667,-2.966666666666667,0.11666666666666665,4.470833333333333,Aotizhongxin,51.6659513590844,Moderate
2015-04-13,2015.0,2015-04,13.0,26.25,37.18333333333333,3.2083333333333335,23.9375,418.75,98.04166666666667,11.483333333333334,1020.4708333333333,-1.5166666666666666,0.008333333333333333,2.9625,Aotizhongxin,80.75751072961374,Moderate
2015-04-14,2015.0,2015-04,14.0,57.791666666666664,99.25,5.833333333333333,75.5,750.0,56.0,16.379166666666666,1003.875,0.5791666666666667,0.0,2.025,Aotizhongxin,152.18326308394802,Unhealthy
2015-04-15,2015.0,2015-04,15.0,122.29166666666667,338.375,14.666666666666666,95.16666666666667,1170.2380952380952,46.104166666666664,17.245833333333334,995.7833333333333,3.3791666666666664,0.0,1.9291666666666665,Aotizhongxin,185.48674042852124,Unhealthy
2015-04-16,2015.0,2015-04,16.0,47.666666666666664,149.27083333333334,3.3333333333333335,16.375,392.26190476190476,91.91666666666667,16.358333333333334,1007.1125000000001,-12.145833333333334,0.0,5.045833333333333,Aotizhongxin,130.95812395309883,Unhealthy for Sensitive Groups
2015-04-17,2015.0,2015-04,17.0,85.41666666666667,201.625,21.208333333333332,65.91666666666667,633.3333333333334,60.791666666666664,17.979166666666668,1004.4416666666666,-1.5083333333333335,0.0,2.5833333333333335,Aotizhongxin,166.446961714085,Unhealthy
2015-04-18,2015.0,2015-04,18.0,145.41666666666666,296.0833333333333,26.958333333333332,110.20833333333333,1433.3333333333333,49.041666666666664,17.900000000000002,1006.4791666666666,7.991666666666667,0.012499999999999999,1.2249999999999999,Aotizhongxin,197.4269406392694,Unhealthy
2015-04-19,2015.0,2015-04,19.0,66.54166666666667,119.79166666666667,5.041666666666667,48.958333333333336,612.5,59.541666666666664,17.004166666666666,1010.0916666666667,0.19166666666666668,0.0,2.5541666666666667,Aotizhongxin,156.70117667720407,Unhealthy
2015-04-20,2015.0,2015-04,20.0,115.2936507936508,145.54166666666666,5.6875,52.291666666666664,854.1666666666666,69.91666666666667,15.512500000000001,1010.0958333333333,1.2416666666666665,0.0,2.7583333333333333,Aotizhongxin,181.87343402411895,Unhealthy
2015-04-21,2015.0,2015-04,21.0,82.0813492063492,153.79166666666666,7.666666666666667,60.416666666666664,695.8333333333334,65.66666666666667,19.008333333333333,1005.9333333333334,0.425,0.0,2.2708333333333335,Aotizhongxin,164.72482730359442,Unhealthy
2015-04-22,2015.0,2015-04,22.0,51.5,134.125,8.333333333333334,61.0,650.0,69.20833333333333,18.650000000000002,1012.4791666666666,1.4333333333333333,0.0,3.0416666666666665,Aotizhongxin,140.39698492462313,Unhealthy for Sensitive Groups
2015-04-23,2015.0,2015-04,23.0,53.416666666666664,120.25,12.458333333333334,62.833333333333336,658.3333333333334,54.958333333333336,20.045833333333334,1010.4333333333334,-0.34166666666666673,0.0,1.7,Aotizhongxin,145.11641541038526,Unhealthy for Sensitive Groups
2015-04-24,2015.0,2015-04,24.0,66.41666666666667,215.625,8.416666666666666,63.833333333333336,683.3333333333334,77.66666666666667,19.05,1016.1541666666667,1.5791666666666666,0.0,2.504166666666667,Aotizhongxin,156.63663505444327,Unhealthy
2015-04-25,2015.0,2015-04,25.0,73.875,195.33333333333334,12.666666666666666,86.20833333333333,912.5,99.79166666666667,22.370833333333334,1009.9958333333334,4.454166666666667,0.0,2.5083333333333333,Aotizhongxin,160.48761854583773,Unhealthy
2015-04-26,2015.0,2015-04,26.0,98.375,211.0,20.958333333333332,69.75,1120.8333333333333,128.08333333333334,24.429166666666664,1005.2375000000001,11.120833333333332,0.0,2.625,Aotizhongxin,173.1377766069547,Unhealthy
2015-04-27,2015.0,2015-04,27.0,82.41666666666667,153.64583333333334,10.333333333333334,54.916666666666664,937.5,108.25,22.116666666666664,1000.9583333333334,13.0875,0.15416666666666667,1.9458333333333335,Aotizhongxin,164.8979627678258,Unhealthy
2015-04-28,2015.0,2015-04,28.0,44.166666666666664,72.0,4.333333333333333,46.5,695.8333333333334,95.45833333333333,20.400000000000002,1006.4041666666667,11.220833333333333,0.0,1.5875000000000001,Aotizhongxin,122.34003350083752,Unhealthy for Sensitive Groups
2015-04-29,2015.0,2015-04,29.0,119.79166666666667,157.58333333333334,11.166666666666666,62.416666666666664,1537.5,106.10416666666667,21.129166666666666,1008.6666666666666,13.129166666666668,0.0,1.8791666666666667,Aotizhongxin,184.19590797330522,Unhealthy
2015-04-30,2015.0,2015-04,30.0,111.70833333333333,159.125,10.916666666666666,56.416666666666664,1050.0,126.75,23.616666666666664,1006.3583333333332,13.3375,0.0,2.0833333333333335,Aotizhongxin,180.02221636810677,Unhealthy
2015-05-01,2015.0,2015-05,1.0,132.45833333333334,152.125,12.083333333333334,63.791666666666664,1304.1666666666667,56.833333333333336,18.483333333333334,1005.3208333333333,12.987499999999999,0.2791666666666667,2.316666666666667,Aotizhongxin,190.73612574639972,Unhealthy
2015-05-02,2015.0,2015-05,2.0,44.041666666666664,77.625,2.2083333333333335,38.75,591.6666666666666,83.58333333333333,19.05,1005.8541666666666,12.016666666666666,0.0,1.8499999999999999,Aotizhongxin,122.0322445561139,Unhealthy for Sensitive Groups
2015-05-03,2015.0,2015-05,3.0,42.916666666666664,109.0,2.75,27.708333333333332,500.0,86.77083333333333,19.479166666666668,1009.4583333333334,-2.8166666666666664,0.0,3.5124999999999997,Aotizhongxin,119.26214405360133,Unhealthy for Sensitive Groups
2015-05-04,2015.0,2015-05,4.0,21.958333333333332,86.95833333333333,5.166666666666667,26.291666666666668,333.3333333333333,98.875,18.5125,1010.6166666666667,-6.2875000000000005,0.0,3.6208333333333336,Aotizhongxin,71.7321173104435,Moderate
2015-05-05,2015.0,2015-05,5.0,50.833333333333336,106.04166666666667,8.791666666666666,50.5,595.8333333333334,81.0,20.474999999999998,1000.9708333333333,0.09999999999999987,0.0,2.1708333333333334,Aotizhongxin,138.75544388609717,Unhealthy for Sensitive Groups
2015-05-06,2015.0,2015-05,6.0,19.166666666666668,79.54166666666667,3.5833333333333335,34.583333333333336,350.0,82.83333333333333,18.045833333333334,1007.2083333333334,-7.916666666666667,0.0,2.154166666666667,Aotizhongxin,65.86123032904149,Moderate
2015-05-07,2015.0,2015-05,7.0,41.125,142.29166666666666,7.791666666666667,43.833333333333336,616.6666666666666,89.70833333333333,18.537499999999998,1006.6125000000001,1.3375000000000001,0.0,2.3000000000000003,Aotizhongxin,114.85050251256281,Unhealthy for Sensitive Groups
2015-05-08,2015.0,2015-05,8.0,46.208333333333336,106.125,10.458333333333334,48.458333333333336,925.0,78.25,17.954166666666666,1005.5458333333332,5.708333333333333,0.0,2.3375,Aotizhongxin,127.36725293132329,Unhealthy for Sensitive Groups
2015-05-09,2015.0,2015-05,9.0,43.375,53.166666666666664,9.5,42.25,975.0,50.604166666666664,12.995833333333332,1013.4208333333332,4.245833333333333,0.024999999999999998,1.7249999999999999,Aotizhongxin,120.39070351758794,Unhealthy for Sensitive Groups
2015-05-10,2015.0,2015-05,10.0,38.375,50.375,6.916666666666667,61.916666666666664,1270.8333333333333,28.916666666666668,10.25,1011.3874999999999,6.204166666666667,1.1416666666666668,1.5791666666666666,Aotizhongxin,108.07914572864321,Unhealthy for Sensitive Groups
2015-05-11,2015.0,2015-05,11.0,25.916666666666668,31.416666666666668,2.0416666666666665,40.208333333333336,829.1666666666666,49.916666666666664,13.733333333333334,1003.0375,4.879166666666666,0.0,2.3375,Aotizhongxin,80.05650929899858,Moderate
2015-05-12,2015.0,2015-05,12.0,23.708333333333332,81.83333333333333,2.75,51.395833333333336,729.1666666666666,76.10416666666667,18.55,990.9958333333334,4.754166666666666,0.0,1.8958333333333333,Aotizhongxin,75.4123748211731,Moderate
2015-05-13,2015.0,2015-05,13.0,67.08333333333333,156.41666666666666,6.145833333333333,81.9375,827.0833333333334,85.04166666666667,21.491666666666664,990.3541666666666,8.529166666666667,0.0,1.375,Aotizhongxin,156.98085704250087,Unhealthy
2015-05-14,2015.0,2015-05,14.0,20.166666666666668,80.75,5.291666666666667,36.916666666666664,320.8333333333333,86.79166666666667,22.087500000000002,1002.6750000000001,1.6083333333333334,0.0,2.9166666666666665,Aotizhongxin,67.96423462088698,Moderate
2015-05-15,2015.0,2015-05,15.0,23.625,54.5,3.2083333333333335,33.458333333333336,387.5,91.66666666666667,21.275000000000002,1010.0124999999999,3.529166666666667,0.0,2.6333333333333333,Aotizhongxin,75.23712446351932,Moderate
2015-05-16,2015.0,2015-05,16.0,48.125,107.33333333333333,9.625,57.291666666666664,725.0,103.625,21.770833333333332,1005.2083333333334,6.0125,0.0,2.5749999999999997,Aotizhongxin,132.08668341708542,Unhealthy for Sensitive Groups
2015-05-17,2015.0,2015-05,17.0,130.95833333333334,192.91666666666666,14.083333333333334,48.916666666666664,1158.3333333333333,121.66666666666667,22.775000000000002,994.7624999999999,15.549999999999999,0.07916666666666666,1.7541666666666667,Aotizhongxin,189.9616262732701,Unhealthy
2015-05-18,2015.0,2015-05,18.0,61.25,101.04166666666667,2.375,42.125,537.5,75.125,23.325,997.35,2.7291666666666665,0.0,3.470833333333333,Aotizhongxin,153.96891464699684,Unhealthy
2015-05-19,2015.0,2015-05,19.0,14.270833333333334,60.708333333333336,2.4583333333333335,17.041666666666668,158.33333333333334,85.91666666666667,22.504166666666666,1003.5833333333334,-4.9375,0.0,3.954166666666667,Aotizhongxin,55.565271816881264,Moderate
2015-05-20,2015.0,2015-05,20.0,29.916666666666668,47.166666666666664,3.4166666666666665,24.5,225.0,95.41666666666667,24.016666666666666,1010.6583333333333,1.4666666666666668,0.0,3.4,Aotizhongxin,88.46852646638055,Moderate
2015-05-21,2015.0,2015-05,21.0,41.791666666666664,97.41666666666667,7.666666666666667,55.25,491.6666666666667,90.97916666666667,22.97083333333333,1007.4541666666668,5.7250000000000005,0.0,3.4166666666666665,Aotizhongxin,116.49204355108877,Unhealthy for Sensitive Groups
2015-05-22,2015.0,2015-05,22.0,62.041666666666664,106.33333333333333,14.375,63.333333333333336,837.5,116.95833333333333,22.945833333333336,1005.0833333333334,8.329166666666667,0.0,1.9333333333333333,Aotizhongxin,154.37767825781523,Unhealthy
2015-05-23,2015.0,2015-05,23.0,103.04166666666667,163.70833333333334,19.791666666666668,77.54166666666667,1066.6666666666667,142.79166666666666,23.945833333333336,1003.7583333333333,11.6,0.0,1.6958333333333335,Aotizhongxin,175.5473305233579,Unhealthy
2015-05-24,2015.0,2015-05,24.0,122.58333333333333,186.41666666666666,15.5,76.41666666666667,1304.1666666666667,139.20833333333334,25.620833333333334,1002.1041666666666,12.5,0.0,2.345833333333333,Aotizhongxin,185.63733754829644,Unhealthy
2015-05-25,2015.0,2015-05,25.0,100.08333333333333,187.83333333333334,21.041666666666668,56.5,1145.8333333333333,164.33333333333334,27.5,1001.1833333333334,12.679166666666667,0.0,2.8833333333333333,Aotizhongxin,174.0198454513523,Unhealthy
2015-05-26,2015.0,2015-05,26.0,83.29166666666667,166.95833333333334,16.458333333333332,42.166666666666664,862.5,172.08333333333334,28.208333333333332,1001.2958333333332,13.404166666666667,0.0,3.0666666666666664,Aotizhongxin,165.34975412715139,Unhealthy
2015-05-27,2015.0,2015-05,27.0,99.29166666666667,154.66666666666666,9.125,37.75,862.5,177.91666666666666,26.804166666666664,1000.5416666666666,14.133333333333333,0.0,2.341666666666667,Aotizhongxin,173.6110818405339,Unhealthy
2015-05-28,2015.0,2015-05,28.0,112.70833333333333,146.29166666666666,19.416666666666668,41.833333333333336,1104.1666666666667,164.625,26.125,999.5291666666667,14.9375,0.0,2.3625000000000003,Aotizhongxin,180.5385493501932,Unhealthy
2015-05-29,2015.0,2015-05,29.0,66.04166666666667,111.625,4.666666666666667,56.833333333333336,925.0,96.52083333333333,25.025000000000002,1001.1875,14.954166666666666,0.029166666666666664,1.825,Aotizhongxin,156.44301018616088,Unhealthy
2015-05-30,2015.0,2015-05,30.0,61.666666666666664,107.79166666666667,6.583333333333333,49.041666666666664,808.3333333333334,115.125,24.308333333333334,1002.9291666666667,13.3375,0.0,2.2291666666666665,Aotizhongxin,154.18405338953283,Unhealthy
2015-05-31,2015.0,2015-05,31.0,56.875,114.375,13.833333333333334,53.875,879.1666666666666,129.125,26.354166666666668,996.8166666666666,13.716666666666667,0.0,2.625,Aotizhongxin,151.70995785036882,Unhealthy
2015-06-01,2015.0,2015-06,1.0,101.58333333333333,190.70833333333334,7.291666666666667,65.33333333333333,1095.8333333333333,143.0,28.1125,996.1666666666666,17.954166666666666,0.0,1.8375000000000001,Aotizhongxin,174.79434492448192,Unhealthy
2015-06-02,2015.0,2015-06,2.0,32.854166666666664,54.125,4.333333333333333,29.875,591.6666666666666,88.08333333333333,26.883333333333336,1003.8416666666667,4.1375,0.0,2.966666666666667,Aotizhongxin,94.64610157367667,Moderate
2015-06-03,2015.0,2015-06,3.0,37.708333333333336,110.04166666666667,7.458333333333333,41.833333333333336,487.5,99.04166666666667,25.395833333333332,1008.4166666666666,6.3625,0.0,2.4499999999999997,Aotizhongxin,106.43760469011725,Unhealthy for Sensitive Groups
2015-06-04,2015.0,2015-06,4.0,50.520833333333336,91.95833333333333,5.208333333333333,58.083333333333336,2964.5833333333335,72.625,21.416666666666668,1000.3083333333334,12.762500000000001,0.22916666666666666,1.6041666666666667,Aotizhongxin,137.98597152428812,Unhealthy for Sensitive Groups
2015-06-05,2015.0,2015-06,5.0,45.75,74.91666666666667,3.7916666666666665,52.354166666666664,3183.3333333333335,102.5625,22.958333333333332,994.3041666666667,13.987499999999999,0.04583333333333334,1.6708333333333334,Aotizhongxin,126.23869346733669,Unhealthy for Sensitive Groups
2015-06-06,2015.0,2015-06,6.0,25.166666666666668,46.875,2.5833333333333335,32.916666666666664,2725.0,103.89583333333333,23.325,997.9708333333333,13.158333333333333,0.12083333333333335,2.0833333333333335,Aotizhongxin,78.47925608011445,Moderate
2015-06-07,2015.0,2015-06,7.0,11.958333333333334,32.041666666666664,2.625,37.625,2400.0,64.25,21.445833333333336,1004.1208333333334,9.516666666666667,0.008333333333333333,1.6541666666666668,Aotizhongxin,49.82638888888889,Good
2015-06-08,2015.0,2015-06,8.0,16.166666666666668,46.916666666666664,4.5,41.791666666666664,408.3333333333333,75.41666666666667,23.40833333333333,1000.5458333333332,8.975,0.008333333333333333,1.9874999999999998,Aotizhongxin,59.55221745350501,Moderate
2015-06-09,2015.0,2015-06,9.0,59.666666666666664,96.5,16.291666666666668,61.541666666666664,1154.1666666666667,105.04166666666667,23.849999999999998,997.4208333333332,13.612499999999999,0.04583333333333333,2.341666666666667,Aotizhongxin,153.15138742536,Unhealthy
2015-06-10,2015.0,2015-06,10.0,53.708333333333336,74.79166666666667,8.041666666666666,45.666666666666664,1116.6666666666667,85.1875,20.962500000000002,995.7041666666668,17.2,0.21250000000000002,1.6666666666666667,Aotizhongxin,145.83458961474037,Unhealthy for Sensitive Groups
2015-06-11,2015.0,2015-06,11.0,7.166666666666667,32.0,7.083333333333333,35.5625,491.6666666666667,70.10416666666667,22.5625,993.4499999999999,11.387500000000001,0.0,2.4875000000000003,Aotizhongxin,29.861111111111114,Good
2015-06-12,2015.0,2015-06,12.0,3.875,19.875,8.875,28.083333333333332,252.08333333333334,84.91666666666667,24.791666666666668,993.5791666666668,9.475,0.0,3.7541666666666664,Aotizhongxin,16.145833333333336,Good
2015-06-13,2015.0,2015-06,13.0,10.333333333333334,29.458333333333332,8.291666666666666,26.666666666666668,429.1666666666667,90.375,23.454166666666666,1000.1458333333334,14.375,0.09583333333333333,2.3833333333333333,Aotizhongxin,43.055555555555564,Good
2015-06-14,2015.0,2015-06,14.0,19.75,39.083333333333336,8.375,41.333333333333336,433.3333333333333,96.10416666666667,25.229166666666668,1003.9208333333332,14.5375,0.0,1.4916666666666665,Aotizhongxin,67.08798283261802,Moderate
2015-06-15,2015.0,2015-06,15.0,98.91666666666667,135.66666666666666,20.25,53.75,1475.0,152.72916666666666,26.741666666666664,1002.4666666666667,14.987499999999999,0.0,2.1083333333333334,Aotizhongxin,173.4174569722515,Unhealthy
2015-06-16,2015.0,2015-06,16.0,111.91666666666667,152.29166666666666,13.791666666666666,67.20833333333333,1166.6666666666667,145.52083333333334,26.833333333333332,999.3583333333332,15.525,0.0,1.9875,Aotizhongxin,180.1297857393748,Unhealthy
2015-06-17,2015.0,2015-06,17.0,43.666666666666664,60.458333333333336,2.0,52.458333333333336,716.6666666666666,122.29166666666667,25.65833333333333,998.4666666666667,17.208333333333332,0.44166666666666665,1.5458333333333334,Aotizhongxin,121.10887772194305,Unhealthy for Sensitive Groups
2015-06-18,2015.0,2015-06,18.0,21.541666666666668,30.458333333333332,2.0416666666666665,37.875,341.6666666666667,78.3125,26.712500000000002,1001.7958333333332,8.983333333333333,0.0,1.9166666666666667,Aotizhongxin,70.85586552217454,Moderate
2015-06-19,2015.0,2015-06,19.0,18.083333333333332,41.666666666666664,2.375,40.5,445.8333333333333,55.625,20.783333333333335,1005.6333333333333,13.570833333333333,0.39166666666666666,1.7249999999999999,Aotizhongxin,63.5829756795422,Moderate
2015-06-20,2015.0,2015-06,20.0,21.875,36.666666666666664,2.0,41.375,433.3333333333333,104.02083333333333,24.679166666666664,1007.3208333333333,13.633333333333333,0.0,1.5541666666666665,Aotizhongxin,71.5568669527897,Moderate
2015-06-21,2015.0,2015-06,21.0,46.291666666666664,83.29166666666667,4.166666666666667,49.208333333333336,454.1666666666667,138.20833333333334,27.179166666666664,1003.8333333333334,13.5625,0.0,1.8458333333333332,Aotizhongxin,127.57244556113902,Unhealthy for Sensitive Groups
2015-06-22,2015.0,2015-06,22.0,93.75,127.66666666666667,18.208333333333332,46.666666666666664,983.3333333333334,153.10416666666666,26.395833333333332,1001.5375,15.299999999999999,0.0,1.7874999999999999,Aotizhongxin,170.74973656480506,Unhealthy
2015-06-23,2015.0,2015-06,23.0,197.79166666666666,215.29166666666666,17.375,48.0,1625.0,162.20833333333334,26.833333333333332,1002.6583333333333,17.895833333333332,0.012499999999999999,1.9416666666666667,Aotizhongxin,247.8656156156156,Very Unhealthy
2015-06-24,2015.0,2015-06,24.0,117.6875,131.3125,11.270833333333334,54.9375,927.0833333333334,82.60416666666667,25.275000000000002,1001.1958333333333,17.775000000000002,0.0,2.0708333333333333,Aotizhongxin,183.10945732349842,Unhealthy
2015-06-25,2015.0,2015-06,25.0,122.375,139.54166666666666,7.375,74.79166666666667,891.6666666666666,64.33333333333333,24.474999999999998,997.4125,18.133333333333333,0.0,1.425,Aotizhongxin,185.52976817702844,Unhealthy
2015-06-26,2015.0,2015-06,26.0,103.20833333333333,103.20833333333333,2.0,27.833333333333332,712.5,157.8125,24.141666666666666,996.3458333333333,19.720833333333335,2.316666666666667,1.7083333333333333,Aotizhongxin,175.6333860203723,Unhealthy
2015-06-27,2015.0,2015-06,27.0,90.75,93.20833333333333,4.0,38.541666666666664,616.6666666666666,111.45833333333333,24.900000000000002,1000.6999999999999,20.145833333333332,0.0,1.2625,Aotizhongxin,169.20073761854584,Unhealthy
2015-06-28,2015.0,2015-06,28.0,153.54166666666666,153.54166666666666,10.0,39.25,958.3333333333334,130.0625,27.150000000000002,1001.8583333333332,21.166666666666668,0.0,1.8416666666666668,Aotizhongxin,204.01426426426426,Very Unhealthy
2015-06-29,2015.0,2015-06,29.0,125.79166666666667,127.375,6.541666666666667,56.375,1354.1666666666667,55.916666666666664,22.4375,1001.1625,19.433333333333334,0.125,1.675,Aotizhongxin,187.29390586582366,Unhealthy
2015-06-30,2015.0,2015-06,30.0,13.083333333333334,21.791666666666668,2.0,36.291666666666664,562.5,65.75,22.141666666666666,998.7416666666667,14.558333333333332,0.03333333333333333,2.6333333333333333,Aotizhongxin,53.06795422031474,Moderate
2015-07-01,2015.0,2015-07,1.0,19.041666666666668,43.375,2.8333333333333335,45.125,570.8333333333334,53.75,24.724999999999998,993.65,13.3375,0.075,1.7125000000000001,Aotizhongxin,65.59835479256081,Moderate
2015-07-02,2015.0,2015-07,2.0,8.208333333333334,18.125,4.416666666666667,36.0,308.3333333333333,62.875,26.7375,997.9375,9.329166666666667,0.0,2.0208333333333335,Aotizhongxin,34.20138888888889,Good
2015-07-03,2015.0,2015-07,3.0,27.458333333333332,72.41666666666667,12.625,44.083333333333336,1020.8333333333334,104.29166666666667,25.150000000000002,1003.8708333333334,10.795833333333334,0.0,2.004166666666667,Aotizhongxin,83.29864091559371,Moderate
2015-07-04,2015.0,2015-07,4.0,32.083333333333336,63.916666666666664,7.625,59.125,708.3333333333334,66.77083333333333,22.287499999999998,1005.5541666666667,13.154166666666667,0.06666666666666667,1.4041666666666668,Aotizhongxin,93.02503576537913,Moderate
2015-07-05,2015.0,2015-07,5.0,65.79166666666667,78.25,13.916666666666666,46.583333333333336,1037.5,136.66666666666666,23.599999999999998,1005.725,15.016666666666666,0.0,1.625,Aotizhongxin,156.31392694063928,Unhealthy
2015-07-06,2015.0,2015-07,6.0,71.41666666666667,85.20833333333333,11.75,47.0,1108.3333333333333,146.89583333333334,25.391666666666666,1006.1999999999999,15.804166666666667,0.0,1.5541666666666665,Aotizhongxin,159.2182999648753,Unhealthy
2015-07-07,2015.0,2015-07,7.0,70.41666666666667,91.58333333333333,8.125,46.1875,833.3333333333334,143.04166666666666,26.670833333333334,1004.7875,16.241666666666667,0.0,1.7000000000000002,Aotizhongxin,158.70196698278892,Unhealthy
2015-07-08,2015.0,2015-07,8.0,127.95833333333333,144.91666666666666,8.791666666666666,50.875,1129.1666666666667,143.66666666666666,27.412499999999998,1005.9833333333332,18.1375,0.0,1.8958333333333333,Aotizhongxin,188.41262732701088,Unhealthy
2015-07-09,2015.0,2015-07,9.0,75.9375,92.27083333333333,9.854166666666666,57.958333333333336,783.3333333333334,131.4375,27.71666666666667,1008.225,15.745833333333332,0.0,1.8,Aotizhongxin,161.55255532139094,Unhealthy
2015-07-10,2015.0,2015-07,10.0,54.833333333333336,91.04166666666667,10.375,43.0,654.1666666666666,147.95833333333334,27.858333333333334,1006.3958333333334,17.416666666666668,0.0,2.283333333333333,Aotizhongxin,148.60469011725294,Unhealthy for Sensitive Groups
2015-07-11,2015.0,2015-07,11.0,114.08333333333333,133.83333333333334,13.708333333333334,53.625,1125.0,163.58333333333334,28.770833333333332,1002.9583333333334,19.154166666666665,0.0,1.575,Aotizhongxin,181.248507200562,Unhealthy
2015-07-12,2015.0,2015-07,12.0,115.79166666666667,169.83333333333334,8.458333333333334,72.875,1041.6666666666667,174.97916666666666,30.266666666666666,995.7041666666668,19.216666666666665,0.0,1.491666666666667,Aotizhongxin,182.1305760449596,Unhealthy
2015-07-13,2015.0,2015-07,13.0,50.708333333333336,80.83333333333333,5.25,64.79166666666667,633.3333333333334,191.16666666666666,32.35,993.5833333333334,15.725,0.0,1.8041666666666665,Aotizhongxin,138.44765494137354,Unhealthy for Sensitive Groups
2015-07-14,2015.0,2015-07,14.0,40.333333333333336,69.20833333333333,5.375,46.375,650.0,194.5625,29.858333333333334,999.1166666666667,16.345833333333335,0.020833333333333332,2.1333333333333333,Aotizhongxin,112.90117252931324,Unhealthy for Sensitive Groups
2015-07-15,2015.0,2015-07,15.0,38.083333333333336,69.16666666666667,4.208333333333333,71.83333333333333,729.1666666666666,103.875,27.525000000000002,1001.4166666666666,16.220833333333335,0.0,1.5875000000000001,Aotizhongxin,107.36097152428812,Unhealthy for Sensitive Groups
2015-07-16,2015.0,2015-07,16.0,41.625,49.708333333333336,2.0416666666666665,45.916666666666664,804.1666666666666,119.79166666666667,23.366666666666664,1003.3874999999999,19.083333333333332,0.2291666666666667,2.0749999999999997,Aotizhongxin,116.08165829145729,Unhealthy for Sensitive Groups
2015-07-17,2015.0,2015-07,17.0,37.666666666666664,45.625,2.5833333333333335,50.791666666666664,862.5,81.95833333333333,22.8,1003.1166666666667,19.720833333333335,1.0333333333333334,1.3208333333333333,Aotizhongxin,106.33500837520937,Unhealthy for Sensitive Groups
2015-07-18,2015.0,2015-07,18.0,51.875,56.458333333333336,2.0,44.833333333333336,820.8333333333334,120.52083333333333,23.125,1002.2333333333332,20.3625,2.4625,1.3958333333333333,Aotizhongxin,141.32035175879398,Unhealthy for Sensitive Groups
2015-07-19,2015.0,2015-07,19.0,76.79166666666667,78.79166666666667,2.0,50.416666666666664,950.0,107.79166666666667,23.287499999999998,1003.7375000000001,21.233333333333334,0.3458333333333334,1.6208333333333333,Aotizhongxin,161.99358974358975,Unhealthy
2015-07-20,2015.0,2015-07,20.0,94.33333333333333,94.625,2.0,57.958333333333336,1020.8333333333334,88.70833333333333,25.0625,1003.2791666666667,21.979166666666668,0.9041666666666667,1.4000000000000001,Aotizhongxin,171.05093080435546,Unhealthy
2015-07-21,2015.0,2015-07,21.0,141.08333333333334,142.16666666666666,2.25,54.583333333333336,1229.1666666666667,107.54166666666667,25.645833333333332,1001.1208333333334,22.25,0.020833333333333332,1.625,Aotizhongxin,195.18949771689498,Unhealthy
2015-07-22,2015.0,2015-07,22.0,65.83333333333333,70.08333333333333,3.1666666666666665,57.625,837.5,113.1875,25.395833333333332,999.9833333333332,20.529166666666665,0.16666666666666666,1.3541666666666667,Aotizhongxin,156.33544081489288,Unhealthy
2015-07-23,2015.0,2015-07,23.0,45.416666666666664,50.666666666666664,2.125,66.625,816.6666666666666,89.22916666666667,25.325,999.7666666666668,21.258333333333333,0.004166666666666667,1.075,Aotizhongxin,125.4179229480737,Unhealthy for Sensitive Groups
2015-07-24,2015.0,2015-07,24.0,58.708333333333336,81.70833333333333,4.916666666666667,66.41666666666667,816.6666666666666,86.875,26.4875,997.4333333333334,20.375,0.0,1.3666666666666665,Aotizhongxin,152.65656831752722,Unhealthy
2015-07-25,2015.0,2015-07,25.0,91.875,115.75,6.833333333333333,55.666666666666664,891.6666666666666,121.95833333333333,28.03333333333333,996.4875000000001,21.125,0.0,1.7208333333333332,Aotizhongxin,169.78161222339304,Unhealthy
2015-07-26,2015.0,2015-07,26.0,125.125,140.41666666666666,8.125,46.541666666666664,1045.8333333333333,150.5,29.854166666666668,998.7291666666666,22.52916666666667,0.0,1.3208333333333333,Aotizhongxin,186.94968387776606,Unhealthy
2015-07-27,2015.0,2015-07,27.0,77.20833333333333,104.0,4.416666666666667,52.333333333333336,781.25,134.6875,28.520833333333332,999.9791666666666,22.495833333333334,1.5583333333333333,1.8458333333333332,Aotizhongxin,162.20872848612575,Unhealthy
2015-07-28,2015.0,2015-07,28.0,55.333333333333336,59.916666666666664,2.0,42.75,687.5,123.375,26.4375,998.8625000000001,22.808333333333334,0.13333333333333333,1.075,Aotizhongxin,149.83584589614742,Unhealthy for Sensitive Groups
2015-07-29,2015.0,2015-07,29.0,101.29166666666667,107.83333333333333,2.0,59.541666666666664,891.6666666666666,130.66666666666666,28.858333333333334,996.9666666666667,23.8125,0.0,1.375,Aotizhongxin,174.64374780470672,Unhealthy
2015-07-30,2015.0,2015-07,30.0,49.708333333333336,53.625,2.0833333333333335,45.083333333333336,875.0,97.625,24.270833333333332,1000.1,21.875,0.7999999999999999,1.8250000000000002,Aotizhongxin,135.9853433835846,Unhealthy for Sensitive Groups
2015-07-31,2015.0,2015-07,31.0,29.083333333333332,35.958333333333336,2.0,40.0,508.3333333333333,105.04166666666667,25.541666666666668,1003.3375,20.599999999999998,0.5541666666666667,1.4583333333333333,Aotizhongxin,86.71602288984263,Moderate
2015-08-01,2015.0,2015-08,1.0,95.06702898550725,97.79166666666667,3.2916666666666665,82.70833333333333,1304.1666666666667,58.833333333333336,25.333333333333332,1002.4791666666666,22.208333333333332,0.5375,1.2666666666666666,Aotizhongxin,171.42976206838625,Unhealthy
2015-08-02,2015.0,2015-08,2.0,72.0313043478261,61.458333333333336,2.0,52.708333333333336,962.5,91.91666666666667,26.070833333333336,998.4541666666668,23.4875,0.12083333333333333,1.3208333333333333,Aotizhongxin,159.53565767169104,Unhealthy
2015-08-03,2015.0,2015-08,3.0,31.11,62.479166666666664,3.2916666666666665,51.041666666666664,995.8333333333334,45.041666666666664,25.675,998.1208333333334,20.3875,0.004166666666666667,1.7375,Aotizhongxin,90.97811158798284,Moderate
2015-08-04,2015.0,2015-08,4.0,19.083333333333332,54.958333333333336,4.375,46.416666666666664,295.8333333333333,92.25,26.6375,996.9708333333333,16.825,0.0,1.5916666666666668,Aotizhongxin,65.6859799713877,Moderate
2015-08-05,2015.0,2015-08,5.0,82.33333333333333,119.95833333333333,5.3125,57.666666666666664,822.9166666666666,105.375,27.520833333333332,998.2875,21.458333333333332,0.14166666666666666,1.6791666666666665,Aotizhongxin,164.8549350193186,Unhealthy
2015-08-06,2015.0,2015-08,6.0,59.916666666666664,86.54166666666667,2.5416666666666665,49.208333333333336,779.1666666666666,110.79166666666667,25.53333333333333,1002.6583333333333,19.808333333333334,0.0,1.5541666666666665,Aotizhongxin,153.28047067088164,Unhealthy
2015-08-07,2015.0,2015-08,7.0,95.29166666666667,103.29166666666667,3.625,48.25,1295.8333333333333,89.29166666666667,25.2,1007.8666666666667,21.833333333333332,2.025,1.6083333333333334,Aotizhongxin,171.54574991218828,Unhealthy
2015-08-08,2015.0,2015-08,8.0,42.208333333333336,58.208333333333336,2.25,53.208333333333336,929.1666666666666,95.91666666666667,24.8,1008.6833333333334,19.525000000000002,0.0,1.0208333333333333,Aotizhongxin,117.51800670016752,Unhealthy for Sensitive Groups
2015-08-09,2015.0,2015-08,9.0,55.083333333333336,83.45833333333333,3.4166666666666665,59.25,1025.0,113.70833333333333,27.808333333333334,1006.2875,20.879166666666666,0.0,1.0708333333333333,Aotizhongxin,149.22026800670017,Unhealthy for Sensitive Groups
2015-08-10,2015.0,2015-08,10.0,45.458333333333336,77.125,3.0416666666666665,55.5,962.5,101.125,28.9375,1005.3000000000001,19.95,0.0,1.4833333333333334,Aotizhongxin,125.52051926298158,Unhealthy for Sensitive Groups
2015-08-11,2015.0,2015-08,11.0,100.66666666666667,141.16666666666666,7.958333333333333,45.041666666666664,1645.8333333333333,142.0,29.183333333333334,1004.3416666666667,21.566666666666666,0.008333333333333333,1.4833333333333334,Aotizhongxin,174.3210396909027,Unhealthy
2015-08-12,2015.0,2015-08,12.0,82.58333333333333,135.75,7.333333333333333,42.583333333333336,1212.5,145.29166666666666,30.066666666666666,1001.9083333333333,20.916666666666668,0.0,2.1416666666666666,Aotizhongxin,164.9840182648402,Unhealthy
2015-08-13,2015.0,2015-08,13.0,123.79166666666667,180.20833333333334,10.541666666666666,52.708333333333336,1558.3333333333333,151.375,29.4375,999.4666666666667,21.441666666666666,0.0,2.0541666666666667,Aotizhongxin,186.26123990165087,Unhealthy
2015-08-14,2015.0,2015-08,14.0,60.666666666666664,76.16666666666667,7.8125,34.541666666666664,875.0,89.66666666666667,28.525000000000002,998.8625000000001,17.037499999999998,0.0,2.0124999999999997,Aotizhongxin,153.66772040744644,Unhealthy
2015-08-15,2015.0,2015-08,15.0,25.833333333333332,55.041666666666664,6.166666666666667,49.625,595.8333333333334,82.72916666666667,28.541666666666668,1000.8125,14.654166666666667,0.0,1.7291666666666667,Aotizhongxin,79.88125894134478,Moderate
2015-08-16,2015.0,2015-08,16.0,37.333333333333336,91.95833333333333,9.333333333333334,53.0,775.0,143.33333333333334,28.8,1001.0875,17.320833333333333,0.0,1.8916666666666666,Aotizhongxin,105.5142378559464,Unhealthy for Sensitive Groups
2015-08-17,2015.0,2015-08,17.0,78.16666666666667,167.70833333333334,10.708333333333334,46.333333333333336,1091.6666666666667,138.83333333333334,29.179166666666664,1001.6333333333333,18.879166666666666,0.0,1.6208333333333333,Aotizhongxin,162.70354759395855,Unhealthy
2015-08-18,2015.0,2015-08,18.0,46.166666666666664,86.45833333333333,4.0,46.5,804.1666666666666,107.625,26.3125,1005.975,17.504166666666666,0.0,1.8583333333333334,Aotizhongxin,127.26465661641541,Unhealthy for Sensitive Groups
2015-08-19,2015.0,2015-08,19.0,56.083333333333336,69.75,2.0833333333333335,46.791666666666664,820.8333333333334,94.08333333333333,24.8625,1006.8666666666667,18.8875,0.008333333333333333,1.55,Aotizhongxin,151.3011942395504,Unhealthy
2015-08-20,2015.0,2015-08,20.0,32.625,47.875,2.0,29.083333333333332,637.5,115.45833333333333,26.34166666666667,1003.8666666666667,16.216666666666665,0.0,1.6375,Aotizhongxin,94.16416309012877,Moderate
2015-08-21,2015.0,2015-08,21.0,13.916666666666666,32.875,2.9583333333333335,28.041666666666668,458.3333333333333,111.0,27.879166666666666,1001.375,13.191666666666668,0.0,1.5916666666666668,Aotizhongxin,54.820457796852644,Moderate
2015-08-22,2015.0,2015-08,22.0,17.666666666666668,36.458333333333336,4.083333333333333,28.125,741.6666666666666,75.04166666666667,26.75,1001.2708333333334,16.1125,0.0,2.183333333333333,Aotizhongxin,62.706723891273256,Moderate
2015-08-23,2015.0,2015-08,23.0,21.958333333333332,32.541666666666664,4.583333333333333,29.041666666666668,883.3333333333334,76.58333333333333,23.275000000000002,1005.225,17.683333333333334,0.04583333333333334,1.7166666666666668,Aotizhongxin,71.7321173104435,Moderate
2015-08-24,2015.0,2015-08,24.0,13.0,21.583333333333332,2.0,27.458333333333332,562.5,68.5,24.666666666666668,1006.9541666666668,16.895833333333332,0.0,1.6624999999999999,Aotizhongxin,52.892703862660944,Moderate
2015-08-25,2015.0,2015-08,25.0,14.5,28.291666666666668,2.0,33.0,591.6666666666666,62.125,25.583333333333332,1006.0666666666666,16.504166666666666,0.0,1.5833333333333333,Aotizhongxin,56.047210300429185,Moderate
2015-08-26,2015.0,2015-08,26.0,11.833333333333334,21.833333333333332,2.0,33.791666666666664,525.0,66.91666666666667,25.895833333333332,1005.1541666666667,16.7,0.0,1.3375000000000001,Aotizhongxin,49.305555555555564,Good
2015-08-27,2015.0,2015-08,27.0,11.541666666666666,22.5,2.0,35.625,545.8333333333334,73.0,26.0625,1005.1416666666668,16.216666666666665,0.0,1.3291666666666668,Aotizhongxin,48.09027777777778,Good
2015-08-28,2015.0,2015-08,28.0,15.291666666666666,31.875,2.1666666666666665,32.875,562.5,79.41666666666667,26.320833333333336,1003.4208333333332,15.7125,0.0,1.6583333333333332,Aotizhongxin,57.7120886981402,Moderate
2015-08-29,2015.0,2015-08,29.0,29.208333333333332,52.291666666666664,2.0416666666666665,30.0,683.3333333333334,128.58333333333334,25.691666666666666,1004.7583333333333,15.716666666666667,0.0,2.025,Aotizhongxin,86.97889842632333,Moderate
2015-08-30,2015.0,2015-08,30.0,29.666666666666668,36.416666666666664,2.0,32.583333333333336,1137.5,72.25,21.729166666666668,1007.5124999999999,17.704166666666666,0.125,1.5374999999999999,Aotizhongxin,87.94277539341918,Moderate
2015-08-31,2015.0,2015-08,31.0,28.583333333333332,30.916666666666668,2.0,27.625,879.1666666666666,68.08333333333333,20.8875,1008.7208333333333,18.604166666666668,0.8833333333333333,1.1416666666666666,Aotizhongxin,85.6645207439199,Moderate
2015-09-01,2015.0,2015-09,1.0,10.375,13.291666666666666,2.0,23.125,591.6666666666666,53.25,20.7375,1008.7791666666667,17.729166666666668,0.21666666666666667,1.6624999999999999,Aotizhongxin,43.22916666666667,Good
2015-09-02,2015.0,2015-09,2.0,9.625,16.0,2.0,25.125,454.1666666666667,54.6875,24.787499999999998,1008.8458333333333,16.654166666666665,0.0,1.5250000000000001,Aotizhongxin,40.10416666666667,Good
2015-09-03,2015.0,2015-09,3.0,14.166666666666666,28.625,2.0,23.416666666666668,491.6666666666667,80.70833333333333,25.795833333333334,1009.725,17.229166666666668,0.0,1.5083333333333335,Aotizhongxin,55.34620886981402,Moderate
2015-09-04,2015.0,2015-09,4.0,53.083333333333336,58.791666666666664,3.0,33.416666666666664,1983.3333333333333,70.47916666666667,21.3125,1008.5708333333333,19.195833333333333,1.3416666666666668,1.9041666666666668,Aotizhongxin,144.2956448911223,Unhealthy for Sensitive Groups
2015-09-05,2015.0,2015-09,5.0,19.75,20.083333333333332,2.0,28.708333333333332,733.3333333333334,82.29166666666667,17.974999999999998,1006.8166666666666,16.333333333333332,0.8875000000000001,2.029166666666667,Aotizhongxin,67.08798283261802,Moderate
2015-09-06,2015.0,2015-09,6.0,16.666666666666668,28.958333333333332,2.0,38.833333333333336,550.0,75.04166666666667,22.4875,1008.9833333333332,14.529166666666667,0.0,1.4583333333333333,Aotizhongxin,60.60371959942776,Moderate
2015-09-07,2015.0,2015-09,7.0,23.791666666666668,45.791666666666664,2.2083333333333335,49.625,666.6666666666666,76.66666666666667,22.9875,1009.1333333333333,15.0625,0.0,1.4291666666666665,Aotizhongxin,75.5876251788269,Moderate
2015-09-08,2015.0,2015-09,8.0,54.0,97.58333333333333,6.083333333333333,70.29166666666667,954.1666666666666,96.9375,22.066666666666666,1010.8000000000001,15.054166666666667,0.0,1.2291666666666667,Aotizhongxin,146.55276381909547,Unhealthy for Sensitive Groups
2015-09-09,2015.0,2015-09,9.0,39.041666666666664,60.25,2.2083333333333335,65.875,808.3333333333334,50.583333333333336,21.71666666666667,1015.1625,15.325000000000001,0.004166666666666667,1.7083333333333333,Aotizhongxin,109.72068676716917,Unhealthy for Sensitive Groups
2015-09-10,2015.0,2015-09,10.0,9.25,13.25,2.25,41.5,458.3333333333333,30.479166666666668,16.95,1017.5,12.358333333333334,0.28750000000000003,1.7833333333333332,Aotizhongxin,38.54166666666667,Good
2015-09-11,2015.0,2015-09,11.0,9.458333333333334,15.708333333333334,2.5416666666666665,41.125,416.6666666666667,46.333333333333336,17.404166666666665,1012.1041666666666,10.920833333333334,0.23750000000000002,1.8541666666666667,Aotizhongxin,39.40972222222223,Good
2015-09-12,2015.0,2015-09,12.0,8.333333333333334,17.833333333333332,2.9791666666666665,41.041666666666664,387.5,48.979166666666664,20.295833333333334,1012.7541666666666,5.720833333333334,0.0,3.4875000000000003,Aotizhongxin,34.72222222222223,Good
2015-09-13,2015.0,2015-09,13.0,25.041666666666668,63.166666666666664,4.25,60.333333333333336,650.0,53.458333333333336,22.099999999999998,1011.8916666666668,9.904166666666667,0.0,1.7125000000000001,Aotizhongxin,78.21638054363376,Moderate
2015-09-14,2015.0,2015-09,14.0,68.41666666666667,118.33333333333333,10.083333333333334,84.70833333333333,1029.1666666666667,73.54166666666667,20.587500000000002,1014.1458333333334,12.783333333333333,0.0,1.3708333333333333,Aotizhongxin,157.6693010186161,Unhealthy
2015-09-15,2015.0,2015-09,15.0,114.58333333333333,140.33333333333334,14.333333333333334,93.0,1429.1666666666667,100.91666666666667,19.675,1015.525,13.316666666666668,0.0,1.1291666666666667,Aotizhongxin,181.5066736916052,Unhealthy
2015-09-16,2015.0,2015-09,16.0,129.51388888888889,164.3125,10.833333333333334,92.1375,1435.0,97.95,20.204166666666666,1013.9875000000001,14.420833333333334,0.0,1.1500000000000001,Aotizhongxin,189.21581196581195,Unhealthy
2015-09-17,2015.0,2015-09,17.0,148.52777777777777,182.41666666666666,14.708333333333334,95.21666666666665,1719.1666666666667,98.96666666666665,21.441666666666666,1012.875,16.225,0.0,1.2458333333333333,Aotizhongxin,199.03330991687156,Unhealthy
2015-09-18,2015.0,2015-09,18.0,88.70833333333333,102.08333333333333,3.7083333333333335,72.125,1150.0,72.375,23.266666666666666,1012.35,16.0,0.020833333333333332,1.3875,Aotizhongxin,168.14655778011942,Unhealthy
2015-09-19,2015.0,2015-09,19.0,21.958333333333332,48.041666666666664,3.0833333333333335,71.0,637.5,57.5,22.150000000000002,1012.8208333333333,10.475,0.0,1.45,Aotizhongxin,71.7321173104435,Moderate
2015-09-20,2015.0,2015-09,20.0,82.875,116.95833333333333,10.375,68.0,1250.0,85.60416666666667,22.59166666666667,1009.0166666666668,15.4,0.0,1.8458333333333332,Aotizhongxin,165.1346153846154,Unhealthy
2015-09-21,2015.0,2015-09,21.0,103.125,153.08333333333334,19.375,96.58333333333333,1566.6666666666667,88.58333333333333,22.258333333333336,1007.2583333333333,13.766666666666666,0.0,1.5250000000000001,Aotizhongxin,175.5903582718651,Unhealthy
2015-09-22,2015.0,2015-09,22.0,146.0,152.20833333333334,15.541666666666666,79.25,1870.8333333333333,66.91666666666667,20.716666666666665,1005.5875,16.283333333333335,0.024999999999999998,2.0375,Aotizhongxin,197.72813487881982,Unhealthy
2015-09-23,2015.0,2015-09,23.0,30.541666666666668,44.916666666666664,2.0,52.791666666666664,783.3333333333334,63.666666666666664,20.554166666666667,1005.3375,14.575000000000001,0.0,1.5291666666666668,Aotizhongxin,89.78290414878398,Moderate
2015-09-24,2015.0,2015-09,24.0,110.25,134.41666666666666,5.625,75.70833333333333,1466.6666666666667,56.020833333333336,20.120833333333334,1005.4375,16.5,0.23750000000000002,1.5083333333333335,Aotizhongxin,179.26923076923077,Unhealthy
2015-09-25,2015.0,2015-09,25.0,20.583333333333332,31.833333333333332,3.125,50.166666666666664,666.6666666666666,49.458333333333336,19.041666666666668,1007.0124999999999,7.241666666666667,0.012499999999999999,1.7916666666666667,Aotizhongxin,68.84048640915594,Moderate
2015-09-26,2015.0,2015-09,26.0,31.166666666666668,68.58333333333333,7.166666666666667,57.666666666666664,725.0,69.04166666666667,19.304166666666667,1009.2041666666668,8.366666666666667,0.0,1.7375,Aotizhongxin,91.09728183118742,Moderate
2015-09-27,2015.0,2015-09,27.0,56.958333333333336,96.20833333333333,4.125,86.33333333333333,1112.5,50.875,21.154166666666665,1010.2375000000001,11.025,0.0,1.2041666666666666,Aotizhongxin,151.75298559887602,Unhealthy
2015-09-28,2015.0,2015-09,28.0,51.395833333333336,55.770833333333336,6.041666666666667,67.04166666666667,1579.1666666666667,40.75,17.479166666666668,1018.7333333333332,14.320833333333333,0.0625,1.3333333333333333,Aotizhongxin,140.14049413735344,Unhealthy for Sensitive Groups
2015-09-29,2015.0,2015-09,29.0,49.5,49.5,4.75,60.604166666666664,1337.5,10.666666666666666,15.0375,1024.7791666666667,13.429166666666667,0.3666666666666667,1.1375,Aotizhongxin,135.47236180904522,Unhealthy for Sensitive Groups
2015-09-30,2015.0,2015-09,30.0,27.416666666666668,30.125,4.166666666666667,50.166666666666664,804.1666666666666,26.583333333333332,15.825000000000001,1015.2708333333334,12.950000000000001,0.4166666666666667,1.3833333333333335,Aotizhongxin,83.21101573676683,Moderate
2015-10-01,2015.0,2015-10,1.0,12.75,25.166666666666668,3.7916666666666665,29.666666666666668,412.5,51.5,16.983333333333334,1008.3125,3.3166666666666664,0.0,4.616666666666666,Aotizhongxin,52.366952789699575,Moderate
2015-10-02,2015.0,2015-10,2.0,24.833333333333332,67.04166666666667,2.625,63.25,670.8333333333334,43.583333333333336,18.254166666666666,1006.8541666666666,7.120833333333334,0.0,1.7791666666666668,Aotizhongxin,77.77825464949929,Moderate
2015-10-03,2015.0,2015-10,3.0,26.875,70.75,3.6666666666666665,64.5,725.0,48.958333333333336,18.775000000000002,1015.6374999999999,8.0875,0.0,1.7791666666666668,Aotizhongxin,82.07188841201717,Moderate
2015-10-04,2015.0,2015-10,4.0,116.5,162.45833333333334,8.666666666666666,105.79166666666667,1591.6666666666667,49.166666666666664,17.316666666666666,1018.2833333333333,12.145833333333334,0.0,0.9166666666666666,Aotizhongxin,182.4963119072708,Unhealthy
2015-10-05,2015.0,2015-10,5.0,217.0,222.95833333333334,7.708333333333333,114.45833333333333,2262.5,79.45833333333333,17.629166666666666,1014.4208333333332,13.891666666666666,0.0,0.9916666666666667,Aotizhongxin,266.90090090090087,Very Unhealthy
2015-10-06,2015.0,2015-10,6.0,312.9583333333333,315.25,9.958333333333334,133.5,2558.3333333333335,94.64583333333333,18.858333333333334,1012.4291666666667,15.070833333333333,0.0,1.0125,Aotizhongxin,362.89564564564563,Hazardous
2015-10-07,2015.0,2015-10,7.0,289.4166666666667,289.4166666666667,9.666666666666666,85.95833333333333,2358.3333333333335,56.75,20.337500000000002,1010.2875,13.575000000000001,0.0,1.4541666666666666,Aotizhongxin,339.56606606606607,Hazardous
2015-10-08,2015.0,2015-10,8.0,9.625,20.791666666666668,2.25,14.916666666666666,291.6666666666667,46.229166666666664,16.541666666666668,1015.2333333333332,-5.5,0.0,3.5,Aotizhongxin,40.10416666666667,Good
2015-10-09,2015.0,2015-10,9.0,19.666666666666668,49.416666666666664,2.4583333333333335,29.0,425.0,39.625,13.487499999999999,1007.525,-1.5666666666666667,0.0,2.9875000000000003,Aotizhongxin,66.91273247496424,Moderate
2015-10-10,2015.0,2015-10,10.0,6.083333333333333,14.666666666666666,2.4166666666666665,10.708333333333334,270.8333333333333,51.5625,12.525,1012.5333333333333,-5.1499999999999995,0.0,4.216666666666667,Aotizhongxin,25.34722222222222,Good
2015-10-11,2015.0,2015-10,11.0,8.375,20.083333333333332,2.4166666666666665,20.125,375.0,69.5,17.695833333333333,1013.2958333333332,-1.2750000000000001,0.0,3.5041666666666664,Aotizhongxin,34.895833333333336,Good
2015-10-12,2015.0,2015-10,12.0,14.541666666666666,34.833333333333336,4.416666666666667,58.875,487.5,42.208333333333336,18.795833333333334,1016.5916666666667,-0.1708333333333333,0.0,2.1333333333333333,Aotizhongxin,56.13483547925608,Moderate
2015-10-13,2015.0,2015-10,13.0,36.708333333333336,75.83333333333333,6.916666666666667,94.54166666666667,1033.3333333333333,30.375,16.829166666666666,1015.7458333333334,4.6000000000000005,0.0,1.0625,Aotizhongxin,103.97529313232832,Unhealthy for Sensitive Groups
2015-10-14,2015.0,2015-10,14.0,107.0,148.70833333333334,17.583333333333332,127.375,2512.5,26.0,15.583333333333334,1013.4458333333333,8.920833333333333,0.0,1.0708333333333333,Aotizhongxin,177.59114857744996,Unhealthy
2015-10-15,2015.0,2015-10,15.0,121.20833333333333,143.875,10.416666666666666,128.5,1983.3333333333333,56.333333333333336,16.541666666666668,1012.9250000000001,9.208333333333334,0.0,1.0208333333333333,Aotizhongxin,184.92737969792765,Unhealthy
2015-10-16,2015.0,2015-10,16.0,213.91666666666666,225.91666666666666,15.791666666666666,156.125,2516.6666666666665,63.25,16.054166666666667,1013.6291666666666,11.450000000000001,0.0,0.9041666666666667,Aotizhongxin,263.8453453453453,Very Unhealthy
2015-10-17,2015.0,2015-10,17.0,314.7083333333333,314.7083333333333,17.833333333333332,170.875,3166.6666666666665,43.333333333333336,15.504166666666668,1013.2041666666668,11.858333333333334,0.0,0.8333333333333334,Aotizhongxin,364.62987987987987,Hazardous
2015-10-18,2015.0,2015-10,18.0,71.45833333333333,84.91666666666667,8.25,68.16666666666667,1100.0,34.5625,15.608333333333334,1020.0833333333334,4.983333333333333,0.0,2.2333333333333334,Aotizhongxin,159.2398138391289,Unhealthy
2015-10-19,2015.0,2015-10,19.0,60.333333333333336,104.58333333333333,7.208333333333333,69.95833333333333,1025.0,31.75,13.9125,1012.8208333333333,7.058333333333334,0.0,1.1291666666666667,Aotizhongxin,153.49560941341764,Unhealthy
2015-10-20,2015.0,2015-10,20.0,80.29166666666667,107.0,10.916666666666666,86.04166666666667,1704.1666666666667,7.0,11.908333333333333,1013.9208333333332,7.2749999999999995,0.0,1.325,Aotizhongxin,163.80075518089217,Unhealthy
2015-10-21,2015.0,2015-10,21.0,47.333333333333336,49.208333333333336,3.625,51.708333333333336,1091.6666666666667,16.958333333333332,10.229166666666666,1019.6958333333333,8.766666666666667,0.049999999999999996,1.2291666666666667,Aotizhongxin,130.13735343383587,Unhealthy for Sensitive Groups
2015-10-22,2015.0,2015-10,22.0,31.458333333333332,34.166666666666664,2.2083333333333335,61.0,970.8333333333334,14.270833333333334,9.891666666666667,1020.35,6.8875,0.3541666666666667,0.9083333333333333,Aotizhongxin,91.7106580829757,Moderate
2015-10-23,2015.0,2015-10,23.0,54.958333333333336,58.791666666666664,2.1666666666666665,75.29166666666667,1183.3333333333333,18.416666666666668,13.25,1014.2583333333333,9.054166666666667,0.0,1.1458333333333333,Aotizhongxin,148.91247906197657,Unhealthy for Sensitive Groups
2015-10-24,2015.0,2015-10,24.0,58.208333333333336,72.29166666666667,3.2916666666666665,67.375,1329.1666666666667,26.854166666666668,13.85,1020.5,6.258333333333333,0.0,1.6666666666666667,Aotizhongxin,152.39840182648402,Unhealthy
2015-10-25,2015.0,2015-10,25.0,30.625,61.458333333333336,4.583333333333333,74.79166666666667,895.8333333333334,17.625,11.299999999999999,1023.4083333333333,0.7374999999999999,0.10416666666666667,1.4833333333333334,Aotizhongxin,89.95815450643778,Moderate
2015-10-26,2015.0,2015-10,26.0,32.875,50.458333333333336,2.25,36.416666666666664,570.8333333333334,41.520833333333336,10.929166666666667,1014.3041666666667,2.1416666666666666,0.08333333333333333,2.5,Aotizhongxin,94.68991416309012,Moderate
2015-10-27,2015.0,2015-10,27.0,16.375,40.833333333333336,3.7083333333333335,46.208333333333336,700.0,36.5,11.4125,1012.4791666666666,-4.595833333333333,0.0,1.9166666666666667,Aotizhongxin,59.99034334763949,Moderate
2015-10-28,2015.0,2015-10,28.0,7.166666666666667,13.291666666666666,4.791666666666667,32.125,400.0,50.895833333333336,10.579166666666667,1018.6458333333334,-7.1499999999999995,0.0,2.6166666666666667,Aotizhongxin,29.861111111111114,Good
2015-10-29,2015.0,2015-10,29.0,6.833333333333333,17.5,3.7916666666666665,26.625,408.3333333333333,52.708333333333336,8.725,1023.0791666666668,-10.683333333333332,0.0,2.7875,Aotizhongxin,28.47222222222222,Good
2015-10-30,2015.0,2015-10,30.0,22.458333333333332,52.5,5.625,60.958333333333336,650.0,22.645833333333332,7.208333333333333,1026.7416666666666,-4.6875,0.0,1.425,Aotizhongxin,72.78361945636624,Moderate
2015-10-31,2015.0,2015-10,31.0,39.75,70.04166666666667,6.375,70.45833333333333,970.8333333333334,21.708333333333332,7.395833333333333,1026.8458333333333,-2.8833333333333333,0.0,1.1624999999999999,Aotizhongxin,111.46482412060301,Unhealthy for Sensitive Groups
2015-11-01,2015.0,2015-11,1.0,71.72916666666667,101.3125,7.8125,93.0,1243.75,17.708333333333332,8.970833333333333,1019.5041666666666,-0.8083333333333335,0.0,1.4916666666666665,Aotizhongxin,159.3796540217773,Unhealthy
2015-11-02,2015.0,2015-11,2.0,89.875,126.95833333333333,9.0,104.20833333333333,1958.3333333333333,17.166666666666668,9.700000000000001,1017.15,0.2625,0.0,1.0125,Aotizhongxin,168.74894625922025,Unhealthy
2015-11-03,2015.0,2015-11,3.0,156.66666666666666,188.08333333333334,16.916666666666668,116.875,2450.0,26.625,9.320833333333333,1018.475,4.075,0.0,1.1791666666666667,Aotizhongxin,207.11111111111111,Very Unhealthy
2015-11-04,2015.0,2015-11,4.0,209.0,240.45833333333334,15.333333333333334,150.20833333333334,2816.6666666666665,5.833333333333333,9.733333333333333,1019.0041666666666,4.9875,0.0,0.8541666666666666,Aotizhongxin,258.97297297297297,Very Unhealthy
2015-11-05,2015.0,2015-11,5.0,121.25,121.25,12.833333333333334,74.58333333333333,1241.6666666666667,17.0,7.8500000000000005,1025.1625000000001,4.358333333333333,0.11666666666666668,2.129166666666667,Aotizhongxin,184.94889357218125,Unhealthy
2015-11-06,2015.0,2015-11,6.0,20.166666666666668,20.166666666666668,5.791666666666667,36.125,658.3333333333334,35.208333333333336,1.5916666666666668,1026.7458333333334,-0.8125,0.32083333333333336,2.5124999999999997,Aotizhongxin,67.96423462088698,Moderate
2015-11-07,2015.0,2015-11,7.0,15.75,16.125,3.3333333333333335,32.041666666666664,550.0,45.229166666666664,2.191666666666667,1023.7958333333332,-1.3791666666666667,0.12083333333333333,2.283333333333333,Aotizhongxin,58.675965665236056,Moderate
2015-11-08,2015.0,2015-11,8.0,55.333333333333336,56.416666666666664,4.916666666666667,57.958333333333336,975.0,28.5,3.8000000000000003,1021.4291666666667,-0.26666666666666666,0.0,1.1583333333333334,Aotizhongxin,149.83584589614742,Unhealthy for Sensitive Groups
2015-11-09,2015.0,2015-11,9.0,142.625,145.66666666666666,3.25,75.66666666666667,2254.1666666666665,5.1875,4.4125000000000005,1023.3666666666667,2.3874999999999997,0.0,1.1500000000000001,Aotizhongxin,195.9855110642782,Unhealthy
2015-11-10,2015.0,2015-11,10.0,142.25,140.0,3.75,72.5,2229.1666666666665,4.333333333333333,5.379166666666666,1025.2375,3.3333333333333335,0.0,1.2666666666666666,Aotizhongxin,195.7918861959958,Unhealthy
2015-11-11,2015.0,2015-11,11.0,118.25,118.91666666666667,4.666666666666667,69.45833333333333,2370.8333333333335,5.729166666666667,5.795833333333333,1026.8416666666667,3.8375,0.0,1.1625,Aotizhongxin,183.39989462592203,Unhealthy
2015-11-12,2015.0,2015-11,12.0,167.58333333333334,168.33333333333334,5.791666666666667,72.375,3229.1666666666665,4.041666666666667,6.4125000000000005,1025.8500000000001,4.983333333333333,0.020833333333333332,0.9958333333333332,Aotizhongxin,217.92942942942943,Very Unhealthy
2015-11-13,2015.0,2015-11,13.0,228.04166666666666,228.04166666666666,14.5,83.70833333333333,3895.8333333333335,4.5625,6.8500000000000005,1018.4333333333334,4.495833333333334,0.0,1.0583333333333333,Aotizhongxin,277.8430930930931,Very Unhealthy
2015-11-14,2015.0,2015-11,14.0,281.9583333333333,281.9583333333333,16.458333333333332,97.125,4450.0,7.916666666666667,8.370833333333334,1012.3541666666666,5.583333333333333,0.0,1.2375,Aotizhongxin,332.17492492492494,Hazardous
2015-11-15,2015.0,2015-11,15.0,207.875,215.79166666666666,14.291666666666666,89.04166666666667,4187.5,19.270833333333332,8.591666666666667,1016.4916666666667,5.070833333333334,0.0,1.3583333333333334,Aotizhongxin,257.8581081081081,Very Unhealthy
2015-11-16,2015.0,2015-11,16.0,57.0,60.166666666666664,11.958333333333334,64.5,1670.8333333333333,10.875,7.0249999999999995,1016.8583333333332,2.370833333333333,0.0625,1.4791666666666667,Aotizhongxin,151.77449947312962,Unhealthy
2015-11-17,2015.0,2015-11,17.0,59.083333333333336,78.0,9.916666666666666,60.291666666666664,1595.8333333333333,11.583333333333334,5.270833333333333,1022.125,-0.3416666666666666,0.0,1.6041666666666667,Aotizhongxin,152.85019318580962,Unhealthy
2015-11-18,2015.0,2015-11,18.0,65.20833333333333,77.08333333333333,10.333333333333334,59.25,1304.1666666666667,8.208333333333334,3.733333333333333,1023.2333333333332,-0.6625,0.0,2.004166666666667,Aotizhongxin,156.01273270108885,Unhealthy
2015-11-19,2015.0,2015-11,19.0,81.33333333333333,82.33333333333333,4.958333333333333,54.375,1854.1666666666667,3.4375,3.3166666666666664,1021.725,2.470833333333333,0.24583333333333332,1.9541666666666666,Aotizhongxin,164.33860203723216,Unhealthy
2015-11-20,2015.0,2015-11,20.0,65.91666666666667,65.91666666666667,12.708333333333334,53.958333333333336,2887.5,4.083333333333333,0.5291666666666667,1023.6125000000001,-0.2833333333333333,0.10833333333333334,1.4958333333333333,Aotizhongxin,156.37846856340008,Unhealthy
2015-11-21,2015.0,2015-11,21.0,42.166666666666664,42.166666666666664,6.4375,55.25,2481.25,3.875,0.4666666666666666,1027.8041666666666,-0.09166666666666667,0.1875,1.1875,Aotizhongxin,117.41541038525963,Unhealthy for Sensitive Groups
2015-11-22,2015.0,2015-11,22.0,51.083333333333336,51.083333333333336,5.333333333333333,54.708333333333336,1291.6666666666667,17.083333333333332,-2.2333333333333334,1031.9624999999999,-3.7375000000000003,0.375,1.4208333333333334,Aotizhongxin,139.3710217755444,Unhealthy for Sensitive Groups
2015-11-23,2015.0,2015-11,23.0,28.833333333333332,29.0,11.708333333333334,37.458333333333336,829.1666666666666,41.583333333333336,-3.1958333333333333,1034.3041666666666,-9.299999999999999,0.008333333333333333,1.8708333333333333,Aotizhongxin,86.19027181688126,Moderate
2015-11-24,2015.0,2015-11,24.0,26.75,29.375,6.458333333333333,54.541666666666664,1041.6666666666667,29.666666666666668,-5.891666666666667,1035.0666666666666,-12.729166666666666,0.0,1.5875000000000001,Aotizhongxin,81.80901287553648,Moderate
2015-11-25,2015.0,2015-11,25.0,55.958333333333336,60.291666666666664,15.708333333333334,51.666666666666664,1362.5,30.875,-6.416666666666667,1027.6041666666667,-13.658333333333333,0.0,3.15,Aotizhongxin,151.2366526167896,Unhealthy
2015-11-26,2015.0,2015-11,26.0,30.333333333333332,38.125,15.020833333333334,39.4375,931.25,46.25,-6.5125,1028.1333333333334,-17.895833333333332,0.0,3.0708333333333333,Aotizhongxin,89.3447782546495,Moderate
2015-11-27,2015.0,2015-11,27.0,194.875,202.58333333333334,20.041666666666668,119.5,3437.5,12.395833333333334,-4.870833333333334,1022.0291666666667,-9.9,0.0,1.3541666666666667,Aotizhongxin,244.97522522522522,Very Unhealthy
2015-11-28,2015.0,2015-11,28.0,279.7083333333333,280.1666666666667,18.958333333333332,131.66666666666666,4758.333333333333,10.0,-2.254166666666667,1024.8958333333333,-6.108333333333333,0.0,1.2458333333333333,Aotizhongxin,329.9451951951952,Hazardous
2015-11-29,2015.0,2015-11,29.0,251.83333333333334,257.875,15.833333333333334,136.375,6233.333333333333,15.104166666666666,-0.3666666666666667,1022.4416666666666,-3.4,0.0,1.0583333333333333,Aotizhongxin,302.3213213213213,Hazardous
2015-11-30,2015.0,2015-11,30.0,365.2083333333333,390.0833333333333,11.520833333333334,158.4375,7113.541666666667,9.875,-2.1374999999999997,1021.1125000000001,-2.9125,0.0,1.1083333333333334,Aotizhongxin,410.7139759839893,Hazardous
2015-12-01,2015.0,2015-12,1.0,495.4375,502.3125,29.354166666666668,174.04166666666666,9201.041666666666,11.270833333333334,-0.008333333333333331,1015.5416666666666,-0.4708333333333334,0.0,1.1916666666666667,Aotizhongxin,496.72256504336224,Hazardous
2015-12-02,2015.0,2015-12,2.0,6.375,6.708333333333333,4.541666666666667,18.270833333333332,458.3333333333333,55.916666666666664,1.8499999999999999,1016.475,-12.987499999999999,0.0,5.095833333333333,Aotizhongxin,26.562500000000004,Good
2015-12-03,2015.0,2015-12,3.0,8.958333333333334,12.0,14.291666666666666,16.958333333333332,462.5,50.416666666666664,-0.7208333333333333,1019.7791666666667,-14.737499999999999,0.0,5.875,Aotizhongxin,37.32638888888889,Good
2015-12-04,2015.0,2015-12,4.0,24.791666666666668,34.166666666666664,6.625,44.375,1000.0,40.416666666666664,1.3333333333333333,1022.5375,-12.345833333333333,0.0,2.3,Aotizhongxin,77.69062947067239,Moderate
2015-12-05,2015.0,2015-12,5.0,50.166666666666664,69.5,15.416666666666666,77.66666666666667,1495.8333333333333,24.729166666666668,2.2333333333333334,1025.0166666666667,-8.495833333333334,0.0,1.3916666666666666,Aotizhongxin,137.11390284757118,Unhealthy for Sensitive Groups
2015-12-06,2015.0,2015-12,6.0,138.04166666666666,163.04166666666666,32.458333333333336,105.66666666666667,3500.0,12.416666666666666,0.2875,1025.8916666666667,-4.358333333333333,0.0,1.0916666666666666,Aotizhongxin,193.61898489638216,Unhealthy
2015-12-07,2015.0,2015-12,7.0,184.91666666666666,201.08333333333334,38.333333333333336,111.70833333333333,4237.5,11.25,0.9791666666666666,1028.425,-2.370833333333333,0.0,1.1624999999999999,Aotizhongxin,235.1066066066066,Very Unhealthy
2015-12-08,2015.0,2015-12,8.0,268.3333333333333,270.0416666666667,2.8333333333333335,109.25,5595.833333333333,11.041666666666666,0.32083333333333336,1026.3833333333334,-0.30833333333333335,0.0,1.1208333333333333,Aotizhongxin,318.67267267267266,Hazardous
2015-12-09,2015.0,2015-12,9.0,254.875,254.875,33.083333333333336,116.33333333333333,4375.0,8.229166666666666,2.4625,1021.2583333333333,1.5791666666666666,0.008333333333333333,1.0791666666666666,Aotizhongxin,305.3355855855856,Hazardous
2015-12-10,2015.0,2015-12,10.0,115.83333333333333,115.83333333333333,20.0,71.625,2525.0,32.208333333333336,3.670833333333333,1021.6083333333332,-5.458333333333333,0.0,1.9791666666666667,Aotizhongxin,182.1520899192132,Unhealthy
2015-12-11,2015.0,2015-12,11.0,43.416666666666664,49.625,16.875,74.0,1312.5,22.729166666666668,1.4541666666666666,1024.8541666666667,-8.504166666666666,0.0,1.4000000000000001,Aotizhongxin,120.49329983249581,Unhealthy for Sensitive Groups
2015-12-12,2015.0,2015-12,12.0,104.08333333333333,121.33333333333333,27.875,96.25,2737.5,13.333333333333334,0.30833333333333335,1022.0583333333334,-5.404166666666666,0.0,1.0708333333333333,Aotizhongxin,176.08517737969794,Unhealthy
2015-12-13,2015.0,2015-12,13.0,164.54166666666666,186.29166666666666,42.208333333333336,113.08333333333333,4254.166666666667,13.0625,0.14166666666666672,1022.9250000000001,-4.333333333333333,0.0,1.0166666666666668,Aotizhongxin,214.91516516516515,Very Unhealthy
2015-12-14,2015.0,2015-12,14.0,141.125,141.95833333333334,13.458333333333334,83.125,3137.5,33.916666666666664,2.4208333333333334,1019.4125,-3.983333333333333,0.075,2.904166666666667,Aotizhongxin,195.21101159114858,Unhealthy
2015-12-15,2015.0,2015-12,15.0,6.0,11.625,5.583333333333333,15.791666666666666,400.0,60.5625,1.1333333333333333,1022.1708333333332,-13.875,0.0,4.941666666666666,Aotizhongxin,25.0,Good
2015-12-16,2015.0,2015-12,16.0,6.5,12.208333333333334,7.354166666666667,17.333333333333332,500.0,42.416666666666664,-1.7,1027.2625,-16.058333333333334,0.0,4.125,Aotizhongxin,27.083333333333336,Good
2015-12-17,2015.0,2015-12,17.0,53.333333333333336,59.3125,14.3125,71.08333333333333,1481.25,19.291666666666668,-2.154166666666667,1028.3374999999999,-13.9625,0.0,1.4000000000000001,Aotizhongxin,144.91122278056952,Unhealthy for Sensitive Groups
2015-12-18,2015.0,2015-12,18.0,71.375,86.29166666666667,20.708333333333332,86.08333333333333,2362.5,24.875,-0.5416666666666666,1029.5083333333334,-10.029166666666667,0.0,1.3916666666666666,Aotizhongxin,159.1967860906217,Unhealthy
2015-12-19,2015.0,2015-12,19.0,140.75,160.95833333333334,35.791666666666664,103.29166666666667,4016.6666666666665,15.791666666666666,-2.0166666666666666,1031.0333333333333,-5.9375,0.0,0.9958333333333332,Aotizhongxin,195.01738672286618,Unhealthy
2015-12-20,2015.0,2015-12,20.0,196.83333333333334,200.16666666666666,39.666666666666664,124.91666666666667,4650.0,11.791666666666666,-1.9458333333333335,1022.4250000000001,-4.291666666666667,0.0,1.0416666666666667,Aotizhongxin,246.91591591591592,Very Unhealthy
2015-12-21,2015.0,2015-12,21.0,245.58333333333334,249.125,29.166666666666668,123.41666666666667,5462.5,12.25,-1.6375,1023.0416666666666,-4.716666666666667,0.0,0.8624999999999999,Aotizhongxin,295.2267267267267,Very Unhealthy
2015-12-22,2015.0,2015-12,22.0,322.5416666666667,329.5,43.6875,124.04166666666667,6818.75,10.916666666666666,-2.5,1023.8625000000001,-3.720833333333333,0.0,1.1458333333333333,Aotizhongxin,372.39264264264267,Hazardous
2015-12-23,2015.0,2015-12,23.0,235.47916666666666,248.64583333333334,26.75,114.33333333333333,5633.333333333333,18.291666666666668,-0.3666666666666667,1022.3916666666668,-4.575,0.0,1.0583333333333333,Aotizhongxin,285.21358858858855,Very Unhealthy
2015-12-24,2015.0,2015-12,24.0,77.5,83.83333333333333,17.9375,74.29166666666667,1775.0,33.354166666666664,1.2041666666666666,1022.9541666666668,-8.558333333333334,0.0,1.5708333333333335,Aotizhongxin,162.35932560590095,Unhealthy
2015-12-25,2015.0,2015-12,25.0,512.2916666666666,545.875,16.25,173.0,9402.083333333334,12.333333333333334,-3.1750000000000003,1015.1125000000001,-3.779166666666667,0.0,1.3499999999999999,Aotizhongxin,,
2015-12-26,2015.0,2015-12,26.0,283.4166666666667,332.9583333333333,11.666666666666666,122.54166666666667,6350.0,9.25,-3.0666666666666664,1020.9458333333333,-5.083333333333333,0.0,1.7083333333333333,Aotizhongxin,333.62012012012013,Hazardous
2015-12-27,2015.0,2015-12,27.0,44.166666666666664,49.916666666666664,19.208333333333332,65.70833333333333,1491.6666666666667,15.854166666666666,-5.416666666666667,1034.3583333333333,-12.0625,0.004166666666666667,1.3541666666666667,Aotizhongxin,122.34003350083752,Unhealthy for Sensitive Groups
2015-12-28,2015.0,2015-12,28.0,125.45833333333333,140.20833333333334,41.125,91.375,3412.5,8.125,-3.4458333333333333,1030.9708333333333,-10.549999999999999,0.0,1.2833333333333334,Aotizhongxin,187.12179487179486,Unhealthy
2015-12-29,2015.0,2015-12,29.0,287.4583333333333,320.2916666666667,56.625,122.33333333333333,5600.0,12.666666666666666,-2.1,1024.7749999999999,-6.020833333333333,0.0,0.9416666666666668,Aotizhongxin,337.62537537537537,Hazardous
2015-12-30,2015.0,2015-12,30.0,98.33333333333333,104.41666666666667,25.583333333333332,59.791666666666664,2250.0,36.625,1.0291666666666666,1026.3916666666667,-8.845833333333333,0.0,2.5458333333333334,Aotizhongxin,173.1162627327011,Unhealthy
2015-12-31,2015.0,2015-12,31.0,55.9375,82.52083333333333,21.0,82.33333333333333,1854.1666666666667,16.833333333333332,-1.2791666666666666,1028.4791666666667,-9.795833333333333,0.0,1.1541666666666666,Aotizhongxin,151.2258956796628,Unhealthy
